order_id,product_id,add_to_cart_order1545925435640,3,0
1545925435640,3,0
1545925577160,2,0
1545925577160,3,1
1545925577160,1,2
1545925577896,2,0
1545925847729,1,0
1545925847728,2,1
1545925847729,3,1
1545925847729,2,2
1545925847753,1,0
1545925847753,3,0
1545925847753,2,1
1545925847847,3,0
1545925847847,1,0
1545925847847,2,1
1545925847847,2,1
1545925847909,2,0
1545925847908,3,0
1545925847909,3,1
1545925847909,1,2
1545925847955,1,0
1545925847955,1,0
1545925847955,3,1
1545925847955,2,1
1545925847977,2,0
1545925847977,3,0
1545925847977,1,1
1545925847977,2,1
1545925847977,1,2
1545925848044,1,0
1545925848044,3,0
1545925848044,3,1
1545925848044,2,1
1545925848065,2,0
1545925848064,1,0
1545925848065,1,1
1545925848064,3,1
1545925848065,3,2
1545925848093,2,0
1545925848092,1,0
1545925848092,3,1
1545925848092,2,2
1545925848120,1,0
1545925848119,1,0
1545925848119,3,1
1545925848120,3,1
1545925848120,2,2
1545925848181,1,0
1545925848181,3,1
1546005277141,1,0
1546005277138,2,0
1546005277139,5,0
1546005277138,3,0
1546005277140,1,0
1546005277140,7,0
1546005277139,4,0
1546005277139,9,0
1546005277138,4,1
1546005277139,1,1
1546005277140,2,1
1546005277139,8,1
1546005277139,7,1
1546005277140,9,1
1546005277141,1,2
1546005277138,7,2
1546005277140,1,2
1546005277139,6,2
1546005277139,3,2
1546005277140,4,2
1546005277138,1,3
1546005277140,5,3
1546005277141,2,3
1546005277139,7,3
1546005277140,5,3
1546005277140,6,4
1546005277139,1,4
1546005277140,1,4
1546005277138,5,4
1546005277140,9,5
1546005277140,7,5
1546005277138,6,5
1546005277139,8,5
1546005277140,3,6
1546005277139,2,6
1546005277140,4,6
1546005277138,9,6
1546005277138,8,7
1546005277140,8,7
1546005277140,6,7
1546005277139,5,7
1546005277140,8,8
1546005277139,9,8
1546005277140,2,9
1546005277139,3,9
1546005277273,1,0
1546005277273,2,0
1546005277270,1,0
1546005277269,6,0
1546005277272,9,0
1546005277273,4,0
1546005277270,1,0
1546005277269,9,0
1546005277273,8,1
1546005277269,5,1
1546005277273,5,1
1546005277269,1,1
1546005277270,1,1
1546005277270,6,1
1546005277273,9,2
1546005277273,1,2
1546005277269,3,2
1546005277269,8,2
1546005277270,7,2
1546005277270,2,2
1546005277272,1,2
1546005277270,9,3
1546005277269,9,3
1546005277273,9,3
1546005277269,5,3
1546005277270,4,3
1546005277272,6,3
1546005277273,7,3
1546005277273,6,4
1546005277270,8,4
1546005277272,3,4
1546005277273,3,4
1546005277269,7,4
1546005277270,3,4
1546005277272,8,5
1546005277269,1,5
1546005277273,5,5
1546005277273,8,5
1546005277270,9,5
1546005277269,4,5
1546005277270,4,5
1546005277273,4,6
1546005277272,7,6
1546005277269,2,6
1546005277269,6,6
1546005277273,6,6
1546005277270,7,6
1546005277270,2,6
1546005277269,4,7
1546005277269,2,7
1546005277273,1,7
1546005277273,2,7
1546005277272,5,7
1546005277273,1,8
1546005277269,1,8
1546005277269,3,9
1546005277410,9,0
1546005277409,2,0
1546005277410,9,0
1546005277409,4,0
1546005277409,8,0
1546005277409,5,0
1546005277409,6,0
1546005277409,5,1
1546005277410,3,1
1546005277410,7,1
1546005277409,6,1
1546005277409,3,1
1546005277409,5,1
1546005277409,8,1
1546005277409,2,2
1546005277409,9,2
1546005277409,5,2
1546005277409,5,2
1546005277410,8,2
1546005277409,9,2
1546005277409,1,3
1546005277409,3,3
1546005277409,6,3
1546005277410,1,3
1546005277409,4,3
1546005277409,9,3
1546005277409,2,4
1546005277409,9,4
1546005277409,7,4
1546005277410,2,4
1546005277409,8,4
1546005277409,7,4
1546005277409,6,5
1546005277409,3,5
1546005277409,2,6
1546005277409,1,7
1546005277500,8,0
1546005277501,4,0
1546005277499,1,0
1546005277500,7,0
1546005277501,9,0
1546005277501,5,0
1546005277500,8,0
1546005277500,3,0
1546005277500,2,1
1546005277500,8,1
1546005277501,2,1
1546005277499,8,1
1546005277501,1,1
1546005277501,4,1
1546005277500,1,1
1546005277500,7,1
1546005277501,1,2
1546005277501,4,2
1546005277500,1,2
1546005277500,6,2
1546005277500,1,2
1546005277499,7,2
1546005277501,3,2
1546005277500,5,2
1546005277501,1,3
1546005277501,5,3
1546005277500,2,3
1546005277499,5,3
1546005277500,1,3
1546005277500,4,3
1546005277500,1,3
1546005277500,6,4
1546005277501,6,4
1546005277500,7,4
1546005277501,9,4
1546005277500,5,4
1546005277499,4,4
1546005277501,7,5
1546005277500,8,5
1546005277500,3,5
1546005277501,1,5
1546005277499,9,5
1546005277500,9,5
1546005277500,9,6
1546005277500,5,6
1546005277501,2,6
1546005277499,2,6
1546005277501,5,6
1546005277500,1,6
1546005277501,1,7
1546005277500,3,7
1546005277501,8,7
1546005277501,7,8
1546005277500,6,8
1546005277501,3,8
1546005277616,2,0
1546005277616,3,0
1546005277616,2,0
1546005277616,1,0
1546005277616,6,0
1546005277616,2,0
1546005277615,7,0
1546005277617,4,0
1546005277616,7,1
1546005277616,6,1
1546005277616,5,1
1546005277616,3,1
1546005277616,3,1
1546005277615,5,1
1546005277617,1,1
1546005277616,1,2
1546005277616,5,2
1546005277616,8,2
1546005277615,9,2
1546005277616,8,2
1546005277616,6,2
1546005277617,7,2
1546005277616,8,2
1546005277616,7,3
1546005277615,6,3
1546005277616,9,3
1546005277616,1,3
1546005277617,3,3
1546005277616,5,3
1546005277616,1,4
1546005277617,1,4
1546005277616,2,4
1546005277616,9,4
1546005277615,8,4
1546005277617,2,5
1546005277616,5,5
1546005277616,3,5
1546005277615,4,5
1546005277615,3,6
1546005277616,8,6
1546005277617,6,6
1546005277616,7,6
1546005277616,1,7
1546005277616,9,7
1546005277615,1,7
1546005277616,7,8
1546005277722,1,0
1546005277722,6,0
1546005277723,1,0
1546005277723,1,0
1546005277722,3,0
1546005277722,1,0
1546005277723,1,0
1546005277722,5,1
1546005277722,2,1
1546005277722,8,1
1546005277722,1,1
1546005277723,6,1
1546005277723,6,1
1546005277723,7,1
1546005277722,3,2
1546005277722,6,2
1546005277722,8,2
1546005277723,1,2
1546005277723,9,2
1546005277723,5,2
1546005277722,3,3
1546005277722,7,3
1546005277723,9,3
1546005277723,2,3
1546005277722,7,3
1546005277723,4,3
1546005277722,1,4
1546005277723,1,4
1546005277722,4,4
1546005277722,1,4
1546005277723,8,4
1546005277722,2,5
1546005277722,4,5
1546005277723,8,5
1546005277722,9,5
1546005277723,2,5
1546005277722,1,6
1546005277723,1,6
1546005277722,2,6
1546005277722,5,7
1546005277723,6,7
1546005277722,5,7
1546005277722,9,8
1546005277723,3,8
1546005277846,7,0
1546005277846,6,0
1546005277845,3,0
1546005277845,4,0
1546005277845,4,0
1546005277845,8,0
1546005277845,9,0
1546005277845,5,1
1546005277845,4,1
1546005277846,9,1
1546005277845,8,1
1546005277846,1,1
1546005277845,9,1
1546005277845,7,1
1546005277846,1,2
1546005277845,2,2
1546005277845,9,2
1546005277845,9,2
1546005277845,7,2
1546005277846,2,2
1546005277845,5,2
1546005277845,1,3
1546005277845,6,3
1546005277845,7,3
1546005277845,1,3
1546005277846,1,3
1546005277846,3,3
1546005277845,1,3
1546005277845,2,4
1546005277845,3,4
1546005277845,2,4
1546005277845,2,4
1546005277846,7,4
1546005277846,1,5
1546005277845,3,5
1546005277845,8,5
1546005277845,4,5
1546005277845,1,5
1546005277845,8,6
1546005277845,3,6
1546005277845,1,6
1546005277846,5,6
1546005277845,6,7
1546005277845,8,7
1546005277845,1,7
1546005277846,9,7
1546005277845,6,8
1546005277846,4,8
1546005277845,5,9
1546005277978,7,0
1546005277978,5,0
1546005277978,8,0
1546005277978,2,0
1546005277977,1,0
1546005277978,6,0
1546005277979,3,0
1546005277978,8,1
1546005277978,4,1
1546005277977,2,1
1546005277978,6,1
1546005277978,1,1
1546005277979,9,1
1546005277979,7,1
1546005277978,1,2
1546005277978,3,2
1546005277978,9,2
1546005277979,9,2
1546005277978,1,2
1546005277978,4,3
1546005277978,2,3
1546005277979,5,3
1546005277978,1,4
1546005277978,2,4
1546005277979,2,4
1546005277978,8,4
1546005277978,7,5
1546005277978,9,5
1546005277978,4,6
1546005277978,7,6
1546005277978,5,7
1546005277978,3,8
1546005277978,2,9
1546005278123,9,0
1546005278123,8,0
1546005278123,7,0
1546005278122,5,0
1546005278122,6,0
1546005278124,6,0
1546005278123,4,0
1546005278123,4,0
1546005278123,4,1
1546005278123,7,1
1546005278124,7,1
1546005278123,7,1
1546005278123,5,1
1546005278123,1,1
1546005278122,1,1
1546005278123,1,2
1546005278124,2,2
1546005278123,2,2
1546005278122,7,2
1546005278123,1,2
1546005278124,1,3
1546005278123,3,3
1546005278123,5,3
1546005278123,9,3
1546005278122,9,3
1546005278124,5,4
1546005278122,1,4
1546005278123,6,4
1546005278123,6,4
1546005278123,1,4
1546005278123,2,5
1546005278124,1,5
1546005278122,2,5
1546005278123,1,5
1546005278122,5,6
1546005278123,7,6
1546005278122,3,7
1546005278123,4,7
1546005278122,8,8
1546005278122,4,9
1546005278244,7,0
1546005278244,5,0
1546005278243,5,0
1546005278244,3,0
1546005278244,5,0
1546005278243,7,0
1546005278244,5,0
1546005278245,1,0
1546005278244,9,1
1546005278244,4,1
1546005278244,8,1
1546005278245,5,1
1546005278244,9,1
1546005278244,4,1
1546005278243,2,1
1546005278243,3,1
1546005278244,7,2
1546005278244,9,2
1546005278244,6,2
1546005278244,8,2
1546005278245,8,2
1546005278243,5,2
1546005278244,9,2
1546005278243,9,2
1546005278244,4,3
1546005278243,1,3
1546005278244,6,3
1546005278243,6,3
1546005278244,6,3
1546005278245,3,3
1546005278244,6,3
1546005278244,3,3
1546005278244,2,4
1546005278244,1,4
1546005278243,6,4
1546005278244,1,4
1546005278244,2,4
1546005278244,2,4
1546005278245,6,4
1546005278244,1,5
1546005278243,3,5
1546005278244,3,5
1546005278244,1,5
1546005278243,2,5
1546005278244,8,6
1546005278244,9,6
1546005278244,4,6
1546005278244,2,7
1546005278244,8,7
1546005278244,1,8
1546005278356,1,0
1546005278356,7,1
1546005483764,9,0
1546005483765,8,0
1546005483760,1,0
1546005483763,3,0
1546005483767,1,0
1546005483761,5,0
1546005483762,5,0
1546005483765,4,0
1546005483767,9,1
1546005483761,1,1
1546005483765,5,1
1546005483762,8,1
1546005483764,3,1
1546005483765,3,1
1546005483760,1,1
1546005483763,5,1
1546005483764,7,2
1546005483767,2,2
1546005483765,9,2
1546005483761,9,2
1546005483763,2,2
1546005483760,5,2
1546005483762,3,2
1546005483765,1,2
1546005483760,3,3
1546005483763,1,3
1546005483764,8,3
1546005483765,2,3
1546005483761,7,3
1546005483762,4,3
1546005483767,5,3
1546005483760,8,4
1546005483764,2,4
1546005483761,4,4
1546005483765,7,4
1546005483763,4,4
1546005483762,1,4
1546005483764,1,5
1546005483765,6,5
1546005483761,8,5
1546005483764,5,6
1546005483765,1,6
1546005483761,3,6
1546005483764,6,7
1546005483761,1,7
1546005483764,4,8
1546005484017,6,0
1546005484015,7,0
1546005484030,8,0
1546005484031,7,0
1546005484019,4,0
1546005484018,6,0
1546005484016,1,0
1546005484016,1,0
1546005484017,3,1
1546005484018,7,1
1546005484030,9,1
1546005484016,2,1
1546005484016,1,1
1546005484019,6,1
1546005484015,1,1
1546005484019,5,2
1546005484018,2,2
1546005484015,2,2
1546005484016,5,2
1546005484017,5,2
1546005484030,7,2
1546005484031,3,2
1546005484016,9,2
1546005484018,8,3
1546005484017,2,3
1546005484030,6,3
1546005484019,2,3
1546005484016,6,3
1546005484016,3,3
1546005484016,7,4
1546005484030,1,4
1546005484018,4,4
1546005484016,9,4
1546005484017,4,4
1546005484016,8,5
1546005484030,1,5
1546005484016,7,5
1546005484017,9,5
1546005484016,2,6
1546005484030,5,6
1546005484030,3,7
1546005484030,4,8
1546005484275,4,0
1546005484273,4,0
1546005484275,3,0
1546005484275,5,0
1546005484274,3,0
1546005484273,9,0
1546005484275,2,0
1546005484274,3,0
1546005484273,1,1
1546005484274,7,1
1546005484275,8,1
1546005484273,2,1
1546005484274,6,2
1546005484275,1,2
1546005484273,1,2
1546005484275,6,2
1546005484273,7,2
1546005484274,9,2
1546005484273,3,3
1546005484275,9,3
1546005484275,2,3
1546005484274,7,3
1546005484273,3,3
1546005484274,4,4
1546005484273,8,4
1546005484275,4,4
1546005484275,7,4
1546005484274,9,5
1546005484273,7,5
1546005484273,1,5
1546005484275,1,5
1546005484275,1,5
1546005484275,2,6
1546005484274,2,6
1546005484273,4,6
1546005484275,4,7
1546005484273,5,7
1546005484273,1,7
1546005484273,6,8
1546005484549,5,0
1546005484547,5,0
1546005484549,1,0
1546005484549,8,0
1546005484549,2,0
1546005484548,1,0
1546005484548,1,0
1546005484548,7,0
1546005484549,2,1
1546005484547,8,1
1546005484548,3,1
1546005484548,5,1
1546005484549,3,1
1546005484548,1,2
1546005484548,6,2
1546005484547,4,2
1546005484549,2,2
1546005484549,3,2
1546005484549,5,2
1546005484547,9,3
1546005484549,7,3
1546005484548,8,3
1546005484548,5,3
1546005484549,1,3
1546005484549,9,3
1546005484547,2,4
1546005484548,8,4
1546005484547,1,5
1546005484547,3,6
1546005484547,7,7
1546005484547,6,8
1546005484779,8,0
1546005484776,5,0
1546005484778,2,0
1546005484777,7,0
1546005484777,5,0
1546005484782,4,0
1546005484781,8,0
1546005484780,8,0
1546005484776,6,1
1546005484779,1,1
1546005484782,2,1
1546005484778,7,1
1546005484777,5,1
1546005484781,9,1
1546005484777,6,1
1546005484776,1,2
1546005484777,9,2
1546005484777,1,2
1546005484778,1,2
1546005484779,6,2
1546005484782,8,2
1546005484781,6,2
1546005484777,7,3
1546005484777,6,3
1546005484781,5,3
1546005484776,4,3
1546005484779,3,3
1546005484778,1,3
1546005484782,7,3
1546005484781,4,4
1546005484777,9,4
1546005484777,1,4
1546005484779,2,4
1546005484778,6,4
1546005484776,2,4
1546005484777,3,5
1546005484776,3,5
1546005484778,4,5
1546005484781,7,5
1546005484777,2,5
1546005484777,8,6
1546005484777,8,6
1546005484776,9,6
1546005484781,3,6
1546005484777,4,7
1546005484777,1,7
1546005484777,2,8
1546005484777,1,8
1546005484777,3,9
1546005484777,4,9
1546005485046,7,0
1546005485045,2,0
1546005485045,1,0
1546005485043,9,0
1546005485046,1,0
1546005485044,7,0
1546005485044,4,0
1546005485043,1,0
1546005485045,6,1
1546005485043,8,1
1546005485045,8,1
1546005485046,6,1
1546005485046,2,1
1546005485044,5,1
1546005485044,9,1
1546005485043,3,1
1546005485045,7,2
1546005485043,7,2
1546005485043,2,2
1546005485045,3,2
1546005485046,5,2
1546005485044,3,2
1546005485044,1,2
1546005485046,4,2
1546005485043,5,3
1546005485046,8,3
1546005485043,3,3
1546005485046,9,3
1546005485044,2,3
1546005485045,5,3
1546005485045,6,3
1546005485044,1,3
1546005485043,6,4
1546005485046,5,4
1546005485046,7,4
1546005485045,9,4
1546005485045,5,4
1546005485043,1,4
1546005485046,1,5
1546005485045,1,5
1546005485046,1,5
1546005485043,8,5
1546005485044,1,5
1546005485043,5,5
1546005485045,4,5
1546005485046,3,6
1546005485043,6,6
1546005485044,6,6
1546005485045,9,6
1546005485043,7,6
1546005485043,1,7
1546005485045,1,7
1546005485046,2,7
1546005485044,1,7
1546005485043,9,7
1546005485046,6,7
1546005485046,4,8
1546005485046,8,8
1546005485314,2,0
1546005485312,2,0
1546005485313,1,0
1546005485314,3,0
1546005485314,3,0
1546005485312,1,0
1546005485314,9,0
1546005485313,6,1
1546005485314,1,1
1546005485314,8,1
1546005485314,1,1
1546005485312,2,1
1546005485314,6,1
1546005485313,3,1
1546005485314,4,2
1546005485314,5,2
1546005485313,5,2
1546005485314,4,2
1546005485312,9,2
1546005485314,1,3
1546005485313,9,3
1546005485314,5,3
1546005485314,4,3
1546005485312,5,3
1546005485314,6,4
1546005485314,7,4
1546005485313,1,4
1546005485314,6,4
1546005485312,4,4
1546005485314,1,5
1546005485314,7,5
1546005485314,1,6
1546005485314,4,6
1546005485314,9,7
1546005485314,2,7
1546005485314,8,8
1546005485314,3,8
1546005485555,3,0
1546005485557,1,0
1546005485556,7,0
1546005485556,1,0
1546005485556,3,0
1546005485557,1,0
1546005485557,4,0
1546005485557,2,1
1546005485556,2,1
1546005485557,7,1
1546005485555,8,1
1546005485556,2,1
1546005485556,4,1
1546005485557,8,1
1546005485556,8,2
1546005485556,1,2
1546005485556,7,2
1546005485557,4,2
1546005485555,5,2
1546005485557,7,2
1546005485557,9,3
1546005485556,6,3
1546005485556,4,3
1546005485556,5,3
1546005485555,4,3
1546005485557,1,4
1546005485555,9,4
1546005485556,3,4
1546005485556,6,4
1546005485556,1,4
1546005485556,1,5
1546005485556,1,5
1546005485556,9,5
1546005485556,8,6
1546005485556,1,6
1546005485775,6,0
1546005485775,2,0
1546005485773,6,0
1546005485774,9,0
1546005485772,4,0
1546005485776,1,0
1546005485773,1,0
1546005485774,3,0
1546005485774,6,1
1546005485773,7,1
1546005485773,2,1
1546005485772,5,1
1546005485775,5,1
1546005485776,3,1
1546005485775,1,1
1546005485775,7,2
1546005485775,2,2
1546005485774,1,2
1546005485773,4,2
1546005485772,8,2
1546005485776,9,2
1546005485775,4,3
1546005485774,8,3
1546005485775,8,3
1546005485773,5,3
1546005485772,1,3
1546005485775,3,4
1546005485772,1,4
1546005485774,5,4
1546005485775,3,4
1546005485775,8,5
1546005485772,7,5
1546005485775,1,5
1546005485775,9,6
1546005485775,4,6
1546005485772,6,6
1546005485775,1,7
1546005485772,9,7
1546005485772,3,8
1546005485772,2,9
1546005486042,7,0
1546005486042,2,0
1546005486042,5,0
1546005486041,3,0
1546005486041,4,0
1546005486043,3,0
1546005486042,4,0
1546005486043,8,0
1546005486042,2,1
1546005486041,8,1
1546005486042,3,1
1546005486043,9,1
1546005486043,1,1
1546005486042,3,1
1546005486041,7,1
1546005486041,9,2
1546005486042,1,2
1546005486042,9,2
1546005486043,4,2
1546005486041,5,2
1546005486043,5,2
1546005486042,1,2
1546005486043,2,3
1546005486042,6,3
1546005486041,7,3
1546005486041,8,3
1546005486042,4,3
1546005486043,7,4
1546005486043,1,4
1546005486042,8,4
1546005486041,2,4
1546005486042,6,4
1546005486042,1,4
1546005486043,6,5
1546005486041,6,5
1546005486042,1,5
1546005486043,5,5
1546005486041,6,5
1546005486042,6,5
1546005486042,7,5
1546005486042,4,6
1546005486042,5,6
1546005486041,1,6
1546005486042,9,6
1546005486043,3,6
1546005486041,1,6
1546005486043,7,6
1546005486042,9,7
1546005486043,1,7
1546005486042,2,7
1546005486041,9,7
1546005486042,1,7
1546005486042,5,8
1546005486042,8,8
1546005486041,1,8
1546005486043,2,8
1546005486042,7,8
1546005486042,3,9
1546005486342,1,0
1546005486342,7,0
1546005486342,6,0
1546005486341,9,0
1546005486342,9,0
1546005486341,1,0
1546005486341,2,0
1546005486343,3,0
1546005486342,8,1
1546005486343,7,1
1546005486342,1,1
1546005486341,5,1
1546005486341,6,1
1546005486342,7,1
1546005486341,6,1
1546005486341,3,2
1546005486341,3,2
1546005486343,5,2
1546005486342,1,2
1546005486341,1,2
1546005486342,9,2
1546005486342,2,2
1546005486342,3,3
1546005486341,4,3
1546005486341,9,3
1546005486341,8,4
1546005486342,6,4
1546005486341,7,4
1546005486342,2,5
1546005486341,1,5
1546005486341,8,5
1546005486341,2,6
1546005486341,9,7
1546005486560,7,0
1546005486561,3,0
1546005486557,4,0
1546005486555,5,0
1546005486555,1,0
1546005486558,8,0
1546005486562,8,0
1546005486558,4,1
1546005486555,1,1
1546005486559,6,1
1546005486560,1,1
1546005486555,2,1
1546005486557,1,1
1546005486555,9,2
1546005486557,8,2
1546005486560,1,2
1546005486558,5,2
1546005486555,7,2
1546005486559,1,2
1546005486557,6,3
1546005486559,5,3
1546005486560,4,3
1546005486555,1,3
1546005486560,8,4
1546005486559,3,4
1546005486557,5,4
1546005486555,4,4
1546005486559,1,5
1546005486560,6,5
1546005486555,8,5
1546005486555,7,6
1546005486560,2,6
1546005486559,7,6
1546005486555,6,7
1546005486559,2,7
1546005486559,9,8
1546005486812,8,0
1546005486815,7,0
1546005486814,6,0
1546005486813,7,0
1546005486814,9,0
1546005486817,8,0
1546005486816,5,0
1546005486817,4,1
1546005486812,5,1
1546005486813,4,1
1546005486814,1,1
1546005486816,1,1
1546005486815,8,1
1546005486812,2,1
1546005486814,3,2
1546005486812,1,2
1546005486813,8,2
1546005486815,9,2
1546005486817,2,2
1546005486814,8,3
1546005486812,1,3
1546005486817,6,3
1546005486813,1,3
1546005486814,7,4
1546005486813,2,4
1546005486817,3,4
1546005486812,9,4
1546005486814,5,5
1546005486812,6,5
1546005486817,5,5
1546005486812,7,6
1546005486814,2,6
1546005486817,1,6
1546005486817,7,7
1546005486812,3,7
1546005486814,9,7
1546005486812,4,8
1546005486817,1,8
1546005486814,1,8
1546005486814,4,9
1546005486817,9,9
1546005487067,1,0
1546005487073,1,0
1546005487070,4,0
1546005487069,9,0
1546005487079,8,0
1546005487080,1,0
1546005487081,1,0
1546005487073,1,1
1546005487069,2,1
1546005487079,1,1
1546005487070,3,1
1546005487080,1,1
1546005487099,9,0
1546005487081,1,1
1546005487070,9,2
1546005487099,7,1
1546005487069,8,2
1546005487080,9,2
1546005487081,5,2
1546005487079,4,2
1546005487073,4,3
1546005487080,2,3
1546005487079,5,3
1546005487099,2,2
1546005487069,5,3
1546005487070,6,4
1546005487099,1,3
1546005487079,3,4
1546005487073,7,4
1546005487099,1,4
1546005487079,6,5
1546005487070,7,5
1546005487070,5,6
1546005487079,7,6
1546005487079,9,7
1546005487070,1,7
1546005487079,2,8
1546005487070,2,8
1546005487070,1,9
1546005487079,1,9
1546005487406,4,0
1546005487405,1,0
1546005487405,5,0
1546005487405,1,0
1546005487405,9,0
1546005487405,4,0
1546005487405,5,0
1546005487406,2,1
1546005487405,5,1
1546005487406,7,1
1546005487405,5,1
1546005487405,2,1
1546005487406,8,2
1546005487405,1,2
1546005487406,1,2
1546005487405,1,2
1546005487405,1,2
1546005487406,9,3
1546005487405,2,3
1546005487405,6,3
1546005487406,1,3
1546005487405,8,3
1546005487405,2,4
1546005487405,3,4
1546005487406,6,4
1546005487405,7,4
1546005487405,6,5
1546005487406,3,5
1546005487405,7,5
1546005487405,8,5
1546005487405,1,6
1546005487405,8,6
1546005487405,9,7
1546005487405,1,8
1546005487619,2,0
1546005487623,8,0
1546005487618,1,0
1546005487623,1,0
1546005487617,5,0
1546005487620,1,0
1546005487618,3,0
1546005487623,1,1
1546005487621,5,1
1546005487620,6,1
1546005487619,4,1
1546005487618,3,1
1546005487618,7,1
1546005487617,6,1
1546005487618,4,2
1546005487617,2,2
1546005487619,6,2
1546005487621,2,2
1546005487620,9,2
1546005487618,6,2
1546005487619,7,3
1546005487618,6,3
1546005487618,9,3
1546005487620,2,3
1546005487617,1,3
1546005487620,3,4
1546005487618,7,4
1546005487617,3,4
1546005487619,9,4
1546005487618,8,4
1546005487618,8,5
1546005487620,8,5
1546005487618,5,5
1546005487617,9,5
1546005487619,1,5
1546005487619,8,6
1546005487620,4,6
1546005487618,1,6
1546005487618,1,6
1546005487618,5,7
1546005487618,2,7
1546005487619,3,7
1546005487618,4,8
1546005487908,3,0
1546005487908,3,0
1546005487907,3,0
1546005487907,7,0
1546005487906,5,0
1546005487908,9,0
1546005487907,2,0
1546005487908,4,0
1546005487908,3,1
1546005487907,9,1
1546005487906,4,1
1546005487907,4,1
1546005487908,8,1
1546005487907,9,1
1546005487908,1,1
1546005487908,6,1
1546005487907,1,2
1546005487908,9,2
1546005487906,3,2
1546005487908,8,2
1546005487908,2,2
1546005487907,1,2
1546005487908,6,3
1546005487907,9,3
1546005487908,1,3
1546005487906,7,3
1546005487908,1,3
1546005487907,8,3
1546005487908,9,4
1546005487906,1,4
1546005487908,2,4
1546005487907,5,4
1546005487908,1,4
1546005487908,8,5
1546005487906,2,5
1546005487908,4,5
1546005487907,2,5
1546005487908,2,6
1546005487907,3,6
1546005487908,6,6
1546005487906,8,6
1546005487908,7,7
1546005487908,1,7
1546005487906,9,7
1546005487908,7,8
1546005487906,6,8
1546005487908,5,8
1546005487906,1,9
1546005488182,4,0
1546005488177,5,0
1546005488183,1,0
1546005488181,8,0
1546005488181,4,0
1546005488178,2,0
1546005488176,1,0
1546005488182,1,1
1546005488177,3,1
1546005488183,6,1
1546005488181,2,1
1546005488182,2,1
1546005488176,6,1
1546005488181,5,1
1546005488178,7,1
1546005488182,3,2
1546005488183,9,2
1546005488181,9,2
1546005488182,9,2
1546005488181,3,2
1546005488177,7,2
1546005488178,4,2
1546005488182,5,3
1546005488178,1,3
1546005488177,4,3
1546005488182,5,3
1546005488181,9,3
1546005488183,3,3
1546005488183,2,4
1546005488182,1,4
1546005488177,9,4
1546005488178,6,4
1546005488181,4,4
1546005488182,8,4
1546005488182,9,5
1546005488182,3,5
1546005488177,2,5
1546005488183,7,5
1546005488181,7,5
1546005488181,1,6
1546005488182,1,6
1546005488177,1,6
1546005488181,6,7
1546005488182,6,7
1546005488177,6,7
1546005488177,8,8
1546005488182,1,8
1546005488177,1,9
1546005488182,4,9
1546005488463,5,0
1546005488463,9,0
1546005488464,1,0
1546005488465,9,0
1546005488464,8,0
1546005488463,1,1
1546005488465,1,1
1546005488463,9,1
1546005488464,4,1
1546005488486,8,0
1546005488489,6,0
1546005488472,3,0
1546005488472,1,1
1546005488463,3,2
1546005488486,1,1
1546005488464,1,2
1546005488465,2,2
1546005488463,1,3
1546005488465,4,3
1546005488464,3,3
1546005488472,2,2
1546005488472,5,3
1546005488465,1,4
1546005488463,8,4
1546005488464,2,4
1546005488464,5,5
1546005488472,7,4
1546005488463,4,5
1546005488465,6,5
1546005488464,6,6
1546005488465,8,6
1546005488472,9,5
1546005488463,2,7
1546005488464,9,7
1546005488465,5,7
1546005488463,6,8
1546005488697,1,0
1546005488696,4,0
1546005488697,7,0
1546005488695,7,0
1546005488698,9,0
1546005488696,6,0
1546005488699,9,0
1546005488695,2,0
1546005488698,6,1
1546005488696,5,1
1546005488695,6,1
1546005488699,1,1
1546005488695,1,1
1546005488696,7,1
1546005488697,3,1
1546005488697,4,1
1546005488695,3,2
1546005488697,9,2
1546005488695,5,2
1546005488699,7,2
1546005488698,1,2
1546005488697,1,2
1546005488696,1,2
1546005488698,2,3
1546005488699,5,3
1546005488697,4,3
1546005488695,9,3
1546005488696,3,3
1546005488698,4,4
1546005488697,5,4
1546005488696,5,4
1546005488699,2,4
1546005488695,5,4
1546005488697,7,5
1546005488696,6,5
1546005488695,1,5
1546005488699,6,5
1546005488695,8,6
1546005488697,9,6
1546005488696,1,6
1546005488699,4,6
1546005488697,2,7
1546005488696,2,7
1546005488699,3,7
1546005488696,9,8
1546005488942,2,0
1546005488942,2,0
1546005488941,6,0
1546005488940,7,0
1546005488941,9,0
1546005488941,5,0
1546005488940,1,0
1546005488940,7,0
1546005488940,8,1
1546005488941,6,1
1546005488940,5,1
1546005488940,8,1
1546005488942,4,1
1546005488942,1,1
1546005488940,6,2
1546005488942,5,2
1546005488941,9,2
1546005488940,6,2
1546005488942,1,2
1546005488940,3,2
1546005488942,8,3
1546005488941,1,3
1546005488940,2,3
1546005488942,7,3
1546005488940,3,3
1546005488941,1,4
1546005488940,9,4
1546005488942,6,4
1546005488942,4,5
1546005488941,4,5
1546005488940,6,5
1546005488942,8,6
1546005488941,8,6
1546005488940,7,6
1546005488940,1,7
1546005488942,3,7
1546005488941,3,7
1546005488941,7,8
1546005488940,8,8
1546005488942,5,8
1546005488942,9,9
1546005488940,4,9
1546005489178,1,0
1546005489181,3,0
1546005489180,2,0
1546005489181,3,0
1546005489180,7,0
1546005489179,8,0
1546005489179,5,0
1546005489181,2,0
1546005489179,1,1
1546005489180,1,1
1546005489181,1,1
1546005489181,7,1
1546005489179,1,1
1546005489178,2,1
1546005489181,5,1
1546005489180,4,1
1546005489179,7,2
1546005489181,1,2
1546005489181,4,2
1546005489181,6,2
1546005489178,6,2
1546005489178,4,3
1546005489181,1,3
1546005489179,9,3
1546005489181,9,3
1546005489181,6,3
1546005489179,1,4
1546005489181,8,4
1546005489181,4,4
1546005489178,9,4
1546005489181,6,4
1546005489181,2,5
1546005489181,3,5
1546005489179,2,5
1546005489178,3,5
1546005489181,1,6
1546005489179,8,6
1546005489181,9,7
1546005489179,4,7
1546005489181,5,8
1546005489179,6,8
1546005489181,1,9
1546005489429,1,0
1546005489430,5,0
1546005489427,2,0
1546005489431,3,0
1546005489428,1,0
1546005489428,1,0
1546005489427,7,0
1546005489430,8,0
1546005489429,9,1
1546005489430,2,1
1546005489427,1,1
1546005489430,3,1
1546005489427,1,1
1546005489428,3,1
1546005489431,1,1
1546005489428,9,1
1546005489430,1,2
1546005489427,4,2
1546005489427,6,2
1546005489431,4,2
1546005489430,2,2
1546005489429,6,2
1546005489428,8,2
1546005489428,4,2
1546005489430,9,3
1546005489427,8,3
1546005489428,7,3
1546005489428,6,3
1546005489429,1,3
1546005489427,1,3
1546005489431,5,3
1546005489427,2,4
1546005489429,8,4
1546005489430,4,4
1546005489428,6,4
1546005489428,9,4
1546005489431,7,4
1546005489427,3,4
1546005489427,9,5
1546005489430,7,5
1546005489431,9,5
1546005489427,9,5
1546005489428,5,5
1546005489429,5,5
1546005489428,5,5
1546005489430,5,6
1546005489428,3,6
1546005489428,2,6
1546005489429,3,6
1546005489431,1,6
1546005489427,8,6
1546005489428,1,7
1546005489430,1,7
1546005489431,6,7
1546005489429,4,7
1546005489427,4,7
1546005489427,7,8
1546005489431,8,8
1546005489428,7,8
1546005489430,6,8
1546005489431,2,9
1546005489427,5,9
1546005489430,3,9
1546005489717,1,0
1546005489719,7,0
1546005489718,7,0
1546005489715,8,0
1546005489716,1,0
1546005489716,2,0
1546005489715,2,0
1546005489719,4,0
1546005489715,9,1
1546005489715,1,1
1546005489718,3,1
1546005489719,5,1
1546005489716,7,1
1546005489717,3,1
1546005489716,4,1
1546005489719,5,1
1546005489719,6,2
1546005489719,4,2
1546005489716,9,2
1546005489716,1,2
1546005489717,2,2
1546005489715,4,2
1546005489715,1,2
1546005489719,1,3
1546005489719,1,3
1546005489715,3,3
1546005489716,3,4
1546005489719,9,4
1546005489715,7,4
1546005489719,8,4
1546005489716,1,5
1546005489715,4,5
1546005489716,4,6
1546005489715,1,6
1546005490002,2,0
1546005490003,1,0
1546005490002,5,0
1546005490003,1,0
1546005490003,4,0
1546005490002,5,0
1546005490002,6,0
1546005490001,6,0
1546005490003,2,1
1546005490002,7,1
1546005490003,5,1
1546005490001,4,1
1546005490002,1,1
1546005490002,7,1
1546005490003,7,1
1546005490002,5,2
1546005490003,8,2
1546005490002,3,2
1546005490001,9,2
1546005490003,6,2
1546005490002,1,2
1546005490002,1,3
1546005490003,8,3
1546005490002,4,3
1546005490003,3,3
1546005490001,3,3
1546005490002,1,3
1546005490001,2,4
1546005490002,4,4
1546005490002,2,4
1546005490003,4,4
1546005490002,1,4
1546005490002,9,5
1546005490001,5,5
1546005490002,5,5
1546005490003,9,5
1546005490002,1,5
1546005490002,3,6
1546005490003,6,6
1546005490002,2,6
1546005490002,6,6
1546005490002,8,7
1546005490002,7,7
1546005490003,2,7
1546005490002,6,7
1546005490002,8,8
1546005490002,9,9
1546005490462,1,0
1546005490513,1,0
1546005490516,1,0
1546005490517,9,0
1546005490518,3,0
1546005490526,4,0
1546005490525,9,0
1546005490462,8,1
1546005490534,5,0
1546005490516,4,1
1546005490518,8,1
1546005490517,5,1
1546005490526,2,1
1546005490516,2,2
1546005490525,1,1
1546005490517,6,2
1546005490534,2,1
1546005490462,5,2
1546005490518,2,2
1546005490518,4,3
1546005490516,5,3
1546005490534,6,2
1546005490462,4,3
1546005490517,4,3
1546005490525,2,2
1546005490526,6,2
1546005490462,3,4
1546005490516,8,4
1546005490534,9,3
1546005490517,2,4
1546005490525,6,3
1546005490526,1,3
1546005490516,7,5
1546005490526,1,4
1546005490517,7,5
1546005490525,4,4
1546005490534,7,5
1546005490516,6,6
1546005490525,3,5
1546005490534,3,6
1546005490525,5,6
1546005490516,3,7
1546005490534,1,7
1546005490525,8,7
1546005490516,1,8
1546005490525,7,8
1546005490516,9,9
1546005490534,8,8
1546005490791,6,0
1546005490793,3,0
1546005490792,3,0
1546005490791,8,0
1546005490792,6,0
1546005490793,6,0
1546005490792,1,0
1546005490792,8,1
1546005490792,9,1
1546005490791,7,1
1546005490791,2,1
1546005490793,9,1
1546005490792,6,2
1546005490792,6,2
1546005490793,4,2
1546005490791,1,2
1546005490793,3,3
1546005490791,1,3
1546005490792,7,3
1546005490792,9,4
1546005490791,9,4
1546005490792,4,5
1546005490791,3,5
1546005490791,5,6
1546005490995,9,0
1546005490996,1,0
1546005490994,3,0
1546005490996,8,0
1546005490996,1,0
1546005490995,9,0
1546005490994,5,0
1546005490996,8,1
1546005490995,1,1
1546005490994,4,1
1546005490996,6,1
1546005490994,2,1
1546005490996,9,1
1546005490995,3,1
1546005490996,2,2
1546005490994,9,2
1546005490995,4,2
1546005490996,3,2
1546005490995,1,2
1546005490996,4,3
1546005490994,7,3
1546005490995,7,3
1546005490995,3,4
1546005490994,2,4
1546005490994,1,5
1546005490994,5,6
1546005490994,6,7
1546005490994,8,8
1546005491235,1,0
1546005491235,9,0
1546005491235,3,0
1546005491235,7,0
1546005491234,6,0
1546005491234,4,0
1546005491234,2,0
1546005491236,6,0
1546005491235,3,1
1546005491235,5,1
1546005491234,1,1
1546005491234,8,1
1546005491234,8,1
1546005491236,4,1
1546005491235,1,1
1546005491235,7,1
1546005491234,9,2
1546005491235,3,2
1546005491235,9,2
1546005491234,1,2
1546005491236,5,2
1546005491235,5,2
1546005491234,5,2
1546005491235,6,2
1546005491234,3,3
1546005491235,7,3
1546005491234,4,3
1546005491235,3,3
1546005491236,3,3
1546005491234,8,3
1546005491234,1,4
1546005491234,2,4
1546005491236,7,4
1546005491235,2,4
1546005491236,1,5
1546005491234,2,5
1546005491234,6,5
1546005491235,8,5
1546005491236,2,6
1546005491234,1,6
1546005491235,4,6
1546005491236,9,7
1546005491234,4,7
1546005491236,8,8
1546005491481,7,0
1546005491480,7,0
1546005491481,9,0
1546005491481,7,0
1546005491480,3,0
1546005491481,1,0
1546005491482,9,0
1546005491481,8,0
1546005491480,5,1
1546005491481,1,1
1546005491481,5,1
1546005491481,9,1
1546005491480,9,1
1546005491481,2,1
1546005491481,3,2
1546005491481,1,2
1546005491480,2,2
1546005491480,1,2
1546005491481,1,2
1546005491481,5,2
1546005491481,3,3
1546005491481,5,3
1546005491481,8,3
1546005491481,3,3
1546005491480,4,3
1546005491480,8,3
1546005491481,8,4
1546005491481,1,4
1546005491481,9,4
1546005491481,1,4
1546005491480,6,4
1546005491480,1,4
1546005491481,2,5
1546005491481,4,5
1546005491481,3,5
1546005491480,7,5
1546005491481,1,5
1546005491480,3,5
1546005491481,9,6
1546005491481,9,6
1546005491481,6,6
1546005491481,1,6
1546005491480,9,6
1546005491481,7,7
1546005491480,8,7
1546005491481,2,7
1546005491480,6,8
1546005491815,3,0
1546005491815,3,0
1546005491815,5,0
1546005491814,7,0
1546005491815,4,0
1546005491814,5,0
1546005491814,4,0
1546005491815,7,0
1546005491814,9,1
1546005491815,7,1
1546005491814,1,1
1546005491814,6,1
1546005491815,4,1
1546005491815,2,1
1546005491815,6,2
1546005491815,8,2
1546005491814,8,2
1546005491815,8,2
1546005491814,9,2
1546005491815,4,3
1546005491814,1,3
1546005491815,1,3
1546005491815,1,3
1546005491815,5,4
1546005491815,2,4
1546005491814,5,4
1546005491814,9,4
1546005491815,6,5
1546005491814,7,5
1546005491815,1,5
1546005491814,6,5
1546005491815,8,6
1546005491814,2,6
1546005491814,2,6
1546005491814,5,7
1546005491814,3,7
1546005491814,8,8
1546005491814,1,9
1546005492090,1,0
1546005492088,7,0
1546005492089,1,0
1546005492090,9,0
1546005492088,6,0
1546005492089,1,0
1546005492089,5,0
1546005492090,9,0
1546005492089,1,1
1546005492090,5,1
1546005492090,6,1
1546005492088,1,1
1546005492090,3,1
1546005492089,8,1
1546005492088,1,1
1546005492090,3,2
1546005492090,1,2
1546005492089,9,2
1546005492089,9,2
1546005492088,9,2
1546005492088,8,2
1546005492090,9,2
1546005492088,4,3
1546005492090,8,3
1546005492090,3,3
1546005492089,7,3
1546005492090,5,3
1546005492088,6,3
1546005492088,3,4
1546005492090,4,4
1546005492090,1,4
1546005492088,1,4
1546005492090,2,4
1546005492286,6,0
1546005492286,8,0
1546005492286,1,0
1546005492286,2,0
1546005492285,3,0
1546005492286,1,0
1546005492285,1,0
1546005492287,1,0
1546005492286,7,1
1546005492286,2,1
1546005492286,1,1
1546005492285,4,1
1546005492285,6,1
1546005492287,4,1
1546005492286,9,1
1546005492286,9,2
1546005492286,1,2
1546005492285,9,2
1546005492286,8,2
1546005492285,1,2
1546005492286,5,2
1546005492286,6,3
1546005492285,7,3
1546005492286,9,3
1546005492286,1,3
1546005492286,6,3
1546005492286,4,4
1546005492285,5,4
1546005492286,2,4
1546005492286,8,4
1546005492286,5,5
1546005492286,3,5
1546005492285,2,5
1546005492286,3,5
1546005492286,3,5
1546005492285,6,6
1546005492286,7,6
1546005492286,4,6
1546005492286,9,6
1546005492286,1,7
1546005492285,3,7
1546005492286,7,7
1546005492286,4,8
1546005492286,1,8
1546005492285,8,8
1546005492286,8,9
1546005492285,1,9
1546005492595,5,0
1546005492595,4,0
1546005492597,1,0
1546005492597,5,0
1546005492596,5,0
1546005492596,1,0
1546005492594,4,0
1546005492595,1,0
1546005492597,2,1
1546005492594,1,1
1546005492595,9,1
1546005492596,4,1
1546005492594,9,2
1546005492595,3,2
1546005492596,3,2
1546005492596,2,2
1546005492595,4,2
1546005492597,8,2
1546005492597,2,2
1546005492595,8,2
1546005492597,5,3
1546005492596,6,3
1546005492596,1,3
1546005492594,6,3
1546005492595,5,3
1546005492595,2,3
1546005492597,1,3
1546005492595,6,3
1546005492596,1,4
1546005492595,2,4
1546005492597,3,4
1546005492596,2,4
1546005492595,1,4
1546005492595,2,4
1546005492594,2,4
1546005492597,1,4
1546005492597,9,5
1546005492595,6,5
1546005492596,7,5
1546005492595,3,5
1546005492594,5,5
1546005492596,9,5
1546005492595,9,5
1546005492597,7,6
1546005492595,7,6
1546005492594,3,6
1546005492595,1,6
1546005492595,1,6
1546005492596,8,6
1546005492596,9,6
1546005492596,3,7
1546005492595,7,7
1546005492596,6,7
1546005492597,1,7
1546005492595,5,8
1546005492596,4,8
1546005492596,5,9
1546005492594,8,9
1546005493020,5,0
1546005493018,8,0
1546005493020,1,0
1546005493018,6,0
1546005493020,3,0
1546005493020,6,0
1546005493020,4,0
1546005493020,9,0
1546005493018,7,1
1546005493020,3,1
1546005493018,2,1
1546005493020,9,1
1546005493020,6,1
1546005493020,6,1
1546005493020,1,1
1546005493020,4,1
1546005493018,8,2
1546005493020,2,2
1546005493020,3,2
1546005493018,3,2
1546005493020,6,2
1546005493020,7,2
1546005493020,1,2
1546005493020,8,2
1546005493018,4,3
1546005493020,3,3
1546005493020,4,3
1546005493018,1,3
1546005493020,9,3
1546005493020,3,3
1546005493020,8,3
1546005493020,9,4
1546005493020,2,4
1546005493018,1,4
1546005493020,7,4
1546005493020,8,4
1546005493018,1,4
1546005493020,2,5
1546005493020,9,5
1546005493020,4,5
1546005493018,7,5
1546005493020,8,5
1546005493020,1,5
1546005493020,7,6
1546005493020,5,6
1546005493018,6,6
1546005493020,5,6
1546005493020,1,7
1546005493020,1,7
1546005493018,9,7
1546005493020,4,7
1546005493020,1,8
1546005493020,6,8
1546005493346,4,0
1546005493346,1,0
1546005493346,3,0
1546005493346,1,0
1546005493344,7,0
1546005493344,1,0
1546005493345,9,0
1546005493345,2,0
1546005493345,7,1
1546005493345,3,1
1546005493344,4,1
1546005493344,6,1
1546005493346,8,1
1546005493346,7,1
1546005493346,5,1
1546005493346,9,1
1546005493346,5,2
1546005493345,4,2
1546005493344,9,2
1546005493345,8,2
1546005493344,6,2
1546005493346,4,2
1546005493346,3,2
1546005493345,9,3
1546005493346,6,3
1546005493344,8,3
1546005493346,6,3
1546005493344,1,3
1546005493345,1,3
1546005493346,3,4
1546005493344,4,4
1546005493346,9,4
1546005493345,1,4
1546005493346,1,5
1546005493344,3,5
1546005493346,8,5
1546005493345,1,5
1546005493346,2,6
1546005493346,8,6
1546005493344,2,6
1546005493346,7,7
1546005493346,1,8
1546005493571,6,0
1546005493572,7,0
1546005493573,3,0
1546005493570,8,0
1546005493574,1,0
1546005493569,8,0
1546005493571,1,0
1546005493569,2,0
1546005493571,5,1
1546005493574,9,1
1546005493572,1,1
1546005493573,1,1
1546005493569,3,1
1546005493570,6,1
1546005493569,9,1
1546005493569,5,2
1546005493573,4,2
1546005493571,8,2
1546005493574,7,2
1546005493570,1,2
1546005493570,7,3
1546005493571,2,3
1546005493569,7,3
1546005493573,7,3
1546005493574,1,3
1546005493574,2,4
1546005493571,9,4
1546005493570,5,4
1546005493569,4,4
1546005493573,1,4
1546005493571,6,5
1546005493573,8,5
1546005493574,8,5
1546005493570,4,5
1546005493570,3,6
1546005493573,9,6
1546005493573,2,7
1546005493573,5,8
1546005493837,8,0
1546005493836,1,0
1546005493837,4,0
1546005493838,2,0
1546005493837,6,0
1546005493838,1,0
1546005493836,7,0
1546005493836,1,0
1546005493836,5,1
1546005493838,5,1
1546005493838,1,1
1546005493837,4,1
1546005493837,1,1
1546005493836,1,1
1546005493837,1,1
1546005493836,7,1
1546005493837,3,2
1546005493838,4,2
1546005493838,1,2
1546005493837,6,2
1546005493836,1,2
1546005493836,3,2
1546005493836,2,2
1546005493836,8,3
1546005493837,9,3
1546005493836,8,3
1546005493838,4,3
1546005493838,7,3
1546005493837,1,3
1546005493836,6,4
1546005493838,2,4
1546005493837,1,4
1546005493836,2,4
1546005493837,5,4
1546005493836,5,5
1546005493838,6,5
1546005493836,9,5
1546005493837,3,5
1546005493837,7,5
1546005493836,5,6
1546005493837,7,6
1546005493836,1,6
1546005493838,9,6
1546005493837,8,6
1546005493837,1,7
1546005493838,8,7
1546005493836,6,7
1546005493837,2,8
1546005493838,7,8
1546005493837,9,9
1546005494108,1,0
1546005494113,1,0
1546005494108,6,0
1546005494112,2,0
1546005494115,1,0
1546005494111,5,0
1546005494115,9,1
1546005494108,4,1
1546005494112,5,1
1546005494108,8,1
1546005494111,6,1
1546005494110,9,1
1546005494108,9,2
1546005494108,6,2
1546005494110,3,2
1546005494112,6,2
1546005494111,1,2
1546005494112,7,3
1546005494108,4,3
1546005494111,2,3
1546005494108,7,3
1546005494111,9,4
1546005494110,5,4
1546005494108,3,4
1546005494111,4,5
1546005494110,2,5
1546005494108,5,5
1546005494108,9,6
1546005494110,4,6
1546005494111,8,6
1546005494110,7,7
1546005494111,1,7
1546005494110,1,8
1546005494110,1,9
1546005494444,1,0
1546005494443,3,0
1546005494442,4,0
1546005494442,5,0
1546005494444,1,0
1546005494441,1,0
1546005494444,8,0
1546005494444,7,1
1546005494441,8,1
1546005494442,9,1
1546005494444,3,1
1546005494443,7,1
1546005494442,3,1
1546005494441,2,1
1546005494444,2,1
1546005494441,4,2
1546005494442,1,2
1546005494444,6,2
1546005494443,5,2
1546005494444,6,2
1546005494442,5,2
1546005494444,3,2
1546005494441,1,2
1546005494442,2,3
1546005494441,2,3
1546005494442,2,3
1546005494444,1,3
1546005494444,1,3
1546005494443,6,3
1546005494444,4,3
1546005494442,7,4
1546005494444,8,4
1546005494443,8,4
1546005494442,6,4
1546005494444,4,4
1546005494444,9,4
1546005494442,8,5
1546005494443,2,5
1546005494444,1,5
1546005494444,2,5
1546005494444,5,5
1546005494444,8,6
1546005494444,5,6
1546005494443,1,6
1546005494442,9,6
1546005494443,4,7
1546005494444,9,7
1546005494444,2,7
1546005494443,1,8
1546005494444,9,8
1546005494444,6,8
1546005494444,7,9
1546005494752,2,0
1546005494752,6,0
1546005494748,8,0
1546005494749,6,0
1546005494751,5,0
1546005494753,6,0
1546005494749,7,0
1546005494750,2,0
1546005494751,1,1
1546005494752,9,1
1546005494748,2,1
1546005494749,4,1
1546005494750,7,1
1546005494752,6,1
1546005494749,4,1
1546005494753,8,1
1546005494751,1,2
1546005494753,1,2
1546005494750,1,2
1546005494749,8,2
1546005494749,8,2
1546005494752,1,2
1546005494748,1,2
1546005494751,8,3
1546005494753,2,3
1546005494748,6,3
1546005494749,9,3
1546005494752,7,3
1546005494750,9,3
1546005494753,1,4
1546005494749,7,4
1546005494749,9,4
1546005494748,1,4
1546005494751,2,4
1546005494750,3,4
1546005494749,6,5
1546005494750,4,5
1546005494748,5,5
1546005494753,9,5
1546005494749,3,5
1546005494748,9,6
1546005494753,7,6
1546005494750,1,6
1546005494749,5,6
1546005494748,7,7
1546005494753,3,7
1546005494750,6,7
1546005494753,4,8
1546005494750,8,8
1546005495040,2,0
1546005495041,3,0
1546005495039,2,0
1546005495041,1,0
1546005495040,1,0
1546005495040,7,0
1546005495041,6,0
1546005495039,3,0
1546005495041,8,1
1546005495039,6,1
1546005495040,3,1
1546005495041,5,1
1546005495041,2,1
1546005495040,7,1
1546005495040,4,1
1546005495041,1,2
1546005495040,1,2
1546005495041,9,2
1546005495040,9,2
1546005495040,6,2
1546005495039,8,2
1546005495041,4,2
1546005495041,9,3
1546005495041,6,3
1546005495039,9,3
1546005495040,2,3
1546005495040,2,3
1546005495040,8,3
1546005495041,1,3
1546005495040,5,4
1546005495040,6,4
1546005495040,1,4
1546005495039,1,4
1546005495041,4,4
1546005495040,9,5
1546005495040,5,5
1546005495040,3,5
1546005495039,4,5
1546005495041,7,5
1546005495039,2,6
1546005495041,3,6
1546005495040,5,6
1546005495040,1,6
1546005495040,3,6
1546005495040,4,7
1546005495040,8,8
1546005495040,1,9
1546005495321,7,0
1546005495324,7,0
1546005495326,3,0
1546005495322,1,0
1546005495323,3,0
1546005495325,3,0
1546005495323,3,0
1546005495327,7,0
1546005495323,1,1
1546005495324,2,1
1546005495325,4,1
1546005495326,6,1
1546005495321,9,1
1546005495323,6,1
1546005495321,1,2
1546005495325,1,2
1546005495326,4,2
1546005495323,8,2
1546005495324,3,2
1546005495323,1,2
1546005495323,1,3
1546005495325,1,3
1546005495326,7,3
1546005495321,5,3
1546005495323,7,3
1546005495324,5,3
1546005495325,9,4
1546005495324,4,4
1546005495326,9,4
1546005495323,6,4
1546005495325,8,5
1546005495324,8,5
1546005495326,5,5
1546005495323,8,5
1546005495324,1,6
1546005495325,7,6
1546005495326,1,6
1546005495323,5,6
1546005495323,4,7
1546005495324,1,7
1546005495326,8,7
1546005495324,6,8
1546005495323,2,8
1546005495598,8,0
1546005495598,8,0
1546005495597,9,0
1546005495596,7,0
1546005495598,4,0
1546005495596,3,0
1546005495595,1,0
1546005495597,1,0
1546005495598,2,1
1546005495598,3,1
1546005495596,2,1
1546005495597,5,1
1546005495596,8,1
1546005495597,5,1
1546005495597,2,2
1546005495595,4,2
1546005495596,9,2
1546005495598,1,2
1546005495598,9,2
1546005495597,8,2
1546005495595,5,3
1546005495596,3,3
1546005495597,6,3
1546005495597,9,3
1546005495598,5,3
1546005495598,1,4
1546005495596,5,4
1546005495597,7,4
1546005495595,9,4
1546005495596,8,5
1546005495598,3,5
1546005495597,3,5
1546005495595,8,5
1546005495597,6,6
1546005495598,7,6
1546005495595,2,6
1546005495596,1,6
1546005495598,6,7
1546005495597,8,7
1546005495595,7,7
1546005495596,1,7
1546005495596,6,8
1546005495595,6,8
1546005495595,3,9
1546005495868,1,0
1546005495868,3,0
1546005495866,1,0
1546005495868,8,0
1546005495867,1,0
1546005495866,3,1
1546005495868,3,1
1546005495866,3,1
1546005495868,9,1
1546005495868,1,1
1546005495867,1,1
1546005495868,1,2
1546005495866,7,2
1546005495866,1,2
1546005495868,7,2
1546005495867,1,2
1546005495866,8,3
1546005495868,1,3
1546005495866,6,3
1546005495868,8,3
1546005495867,1,3
1546005495868,6,4
1546005495866,5,4
1546005495867,3,4
1546005495866,1,4
1546005495868,2,4
1546005495866,9,5
1546005495866,6,5
1546005495868,4,5
1546005495866,5,6
1546005495866,2,6
1546005495868,3,6
1546005495868,2,7
1546005495866,8,7
1546005495866,2,8
1546005495866,4,9
1546005496120,1,0
1546005496117,1,0
1546005496119,1,0
1546005496121,8,0
1546005496118,5,0
1546005496117,6,0
1546005496119,1,0
1546005496117,2,1
1546005496119,3,1
1546005496121,5,1
1546005496120,9,1
1546005496119,1,1
1546005496118,4,1
1546005496121,1,1
1546005496117,1,2
1546005496118,8,2
1546005496121,1,2
1546005496121,9,2
1546005496119,5,2
1546005496120,6,2
1546005496119,8,3
1546005496118,7,3
1546005496117,8,3
1546005496119,3,3
1546005496121,3,3
1546005496120,3,3
1546005496119,7,4
1546005496118,9,4
1546005496120,5,4
1546005496117,4,4
1546005496119,2,4
1546005496120,4,5
1546005496119,1,5
1546005496119,6,5
1546005496119,4,6
1546005496119,4,6
1546005496119,9,7
1546005496119,2,8
1546005496119,6,9
1546005496447,3,0
1546005496446,3,0
1546005496446,4,0
1546005496443,7,0
1546005496444,7,0
1546005496445,8,0
1546005496445,4,0
1546005496446,2,0
1546005496443,9,1
1546005496444,3,1
1546005496446,7,1
1546005496445,7,1
1546005496445,9,1
1546005496446,4,1
1546005496446,3,1
1546005496444,1,2
1546005496443,2,2
1546005496445,3,2
1546005496446,5,2
1546005496445,3,2
1546005496446,1,2
1546005496446,7,3
1546005496443,3,3
1546005496444,9,3
1546005496445,6,3
1546005496446,9,3
1546005496446,1,4
1546005496443,4,4
1546005496444,1,4
1546005496446,8,4
1546005496445,1,4
1546005496444,8,5
1546005496446,3,5
1546005496445,1,5
1546005496446,1,5
1546005496443,5,5
1546005496446,1,6
1546005496443,6,6
1546005496446,9,6
1546005496445,4,6
1546005496446,6,7
1546005496443,1,7
1546005496446,6,7
1546005496446,8,8
1546005496446,5,8
1546005496446,2,9
1546005496773,8,0
1546005496774,2,0
1546005496772,3,0
1546005496770,6,0
1546005496774,8,0
1546005496772,1,0
1546005496771,5,0
1546005496770,3,0
1546005496771,1,1
1546005496770,8,1
1546005496772,5,1
1546005496770,1,1
1546005496773,7,1
1546005496773,3,2
1546005496770,7,2
1546005496770,7,2
1546005496772,6,2
1546005496770,4,3
1546005496773,4,3
1546005496770,5,3
1546005496770,2,4
1546005496773,1,4
1546005496770,5,4
1546005496770,1,5
1546005496770,4,5
1546005496773,1,5
1546005496989,6,0
1546005496988,3,0
1546005496989,1,0
1546005496989,6,0
1546005496989,1,0
1546005496988,6,0
1546005496988,5,0
1546005496989,8,0
1546005496989,3,1
1546005496989,8,1
1546005496988,1,1
1546005496989,4,1
1546005496988,8,1
1546005496989,1,2
1546005496988,5,2
1546005496989,9,2
1546005496988,7,2
1546005496989,7,2
1546005496989,1,3
1546005496989,7,3
1546005496988,3,3
1546005496988,6,4
1546005496988,4,4
1546005496988,4,5
1546005496988,9,5
1546005496988,9,6
1546005496988,8,7
1546005496988,1,8
1546005496988,7,9
1546005497235,1,0
1546005497235,7,0
1546005497234,1,0
1546005497235,4,0
1546005497236,6,0
1546005497237,1,0
1546005497235,4,0
1546005497236,3,0
1546005497235,5,1
1546005497236,4,1
1546005497236,1,1
1546005497234,2,1
1546005497235,9,1
1546005497235,1,1
1546005497235,5,1
1546005497237,1,1
1546005497235,7,2
1546005497235,6,2
1546005497236,5,2
1546005497234,7,2
1546005497235,6,2
1546005497237,4,2
1546005497235,7,2
1546005497235,9,3
1546005497237,8,3
1546005497235,1,3
1546005497235,1,3
1546005497236,9,3
1546005497237,7,4
1546005497235,1,4
1546005497235,8,4
1546005497236,3,4
1546005497235,4,5
1546005497235,5,5
1546005497236,8,5
1546005497235,3,6
1546005497235,9,6
1546005497236,7,6
1546005497236,2,7
1546005497235,6,7
1546005497475,8,0
1546005497477,4,0
1546005497477,7,0
1546005497476,1,0
1546005497476,4,0
1546005497476,5,0
1546005497475,7,0
1546005497475,9,1
1546005497477,1,1
1546005497475,5,1
1546005497477,1,1
1546005497477,2,1
1546005497476,6,1
1546005497476,2,1
1546005497476,7,1
1546005497477,1,2
1546005497476,3,2
1546005497475,1,2
1546005497476,5,2
1546005497475,7,2
1546005497476,3,2
1546005497477,1,2
1546005497477,3,3
1546005497476,2,3
1546005497476,3,3
1546005497475,6,3
1546005497475,3,3
1546005497477,9,3
1546005497477,8,3
1546005497476,8,3
1546005497477,3,4
1546005497477,9,4
1546005497476,6,4
1546005497475,2,4
1546005497477,5,5
1546005497475,1,5
1546005497477,7,5
1546005497476,4,5
1546005497477,2,6
1546005497476,7,6
1546005497477,1,6
1546005497475,6,6
1546005497476,1,7
1546005497477,1,7
1546005497475,5,7
1546005497477,8,7
1546005497476,9,8
1546005497475,4,8
1546005497477,4,8
1546005497477,6,9
1546005497475,1,9
1546005497747,8,0
1546005497747,9,0
1546005497744,2,0
1546005497747,8,0
1546005497746,2,0
1546005497746,1,0
1546005497745,7,0
1546005497745,3,0
1546005497747,1,1
1546005497745,9,1
1546005497747,5,1
1546005497746,8,1
1546005497747,6,1
1546005497744,3,1
1546005497745,9,1
1546005497746,3,2
1546005497747,9,2
1546005497747,9,2
1546005497745,5,2
1546005497747,4,2
1546005497745,1,2
1546005497747,4,3
1546005497747,2,3
1546005497745,6,3
1546005497745,1,3
1546005497746,5,3
1546005497747,3,3
1546005497747,6,4
1546005497747,8,4
1546005497745,4,4
1546005497746,9,4
1546005497745,3,4
1546005497747,1,4
1546005497746,6,5
1546005497747,6,5
1546005497747,4,5
1546005497745,1,5
1546005497747,1,5
1546005497747,1,6
1546005497747,1,6
1546005497747,2,6
1546005497746,7,6
1546005497745,6,6
1546005497747,5,7
1546005497747,5,7
1546005497746,4,7
1546005497747,7,8
1546005497747,3,8
1546005497746,1,8
1546005497746,2,9
1546005497747,7,9
1546005498026,7,0
1546005498024,4,0
1546005498025,5,0
1546005498027,3,0
1546005498027,6,0
1546005498026,9,0
1546005498025,6,0
1546005498025,8,0
1546005498026,8,1
1546005498026,1,1
1546005498025,2,1
1546005498025,4,1
1546005498024,7,1
1546005498025,2,2
1546005498026,2,2
1546005498025,3,2
1546005498024,2,2
1546005498026,3,3
1546005498024,8,3
1546005498025,7,3
1546005498026,3,3
1546005498025,7,3
1546005498025,1,4
1546005498024,3,4
1546005498026,6,4
1546005498026,1,4
1546005498025,6,5
1546005498026,5,5
1546005498024,5,5
1546005498025,1,6
1546005498026,1,6
1546005498024,9,6
1546005498026,2,7
1546005498025,4,7
1546005498024,1,7
1546005498024,1,8
1546005498026,1,8
1546005498026,7,9
1546005498315,6,0
1546005498315,1,0
1546005498313,9,0
1546005498314,6,0
1546005498314,8,0
1546005498314,1,0
1546005498313,2,0
1546005498318,9,0
1546005498314,1,1
1546005498314,3,1
1546005498313,7,1
1546005498315,4,1
1546005498318,2,1
1546005498315,7,2
1546005498313,6,2
1546005498314,9,2
1546005498318,1,2
1546005498315,3,3
1546005498314,4,3
1546005498313,1,3
1546005498318,7,3
1546005498314,5,4
1546005498315,9,4
1546005498313,2,4
1546005498318,6,4
1546005498314,1,5
1546005498315,5,5
1546005498313,3,5
1546005498318,4,5
1546005498315,1,6
1546005498314,6,6
1546005498318,1,6
1546005498314,8,7
1546005498315,8,7
1546005498318,3,7
1546005498314,7,8
1546005498318,5,8
1546005498318,8,9
1546005498590,9,0
1546005498591,1,0
1546005498589,5,0
1546005498590,7,0
1546005498590,7,0
1546005498589,1,0
1546005498591,1,1
1546005498590,3,1
1546005498591,1,1
1546005498589,6,1
1546005498590,6,1
1546005498591,4,1
1546005498590,1,2
1546005498590,3,2
1546005498589,2,2
1546005498591,5,2
1546005498590,4,2
1546005498591,5,2
1546005498591,4,2
1546005498590,2,3
1546005498591,9,3
1546005498591,8,3
1546005498589,7,3
1546005498590,3,3
1546005498591,4,3
1546005498591,1,4
1546005498591,7,4
1546005498591,2,4
1546005498590,1,4
1546005498590,9,4
1546005498591,2,5
1546005498591,3,5
1546005498590,1,5
1546005498591,6,5
1546005498591,9,6
1546005498590,2,6
1546005498591,6,6
1546005498590,4,7
1546005498590,5,8
1546005498831,8,0
1546005498832,7,0
1546005498831,9,0
1546005498831,5,0
1546005498832,6,0
1546005498831,6,0
1546005498832,7,0
1546005498830,4,0
1546005498831,3,1
1546005498831,6,1
1546005498830,9,1
1546005498831,3,1
1546005498832,1,1
1546005498831,7,1
1546005498832,1,1
1546005498832,4,1
1546005498832,5,2
1546005498831,1,2
1546005498831,8,2
1546005498830,5,2
1546005498832,1,2
1546005498832,2,2
1546005498831,7,3
1546005498832,4,3
1546005498832,1,3
1546005498832,4,3
1546005498831,5,3
1546005498830,2,3
1546005498831,3,4
1546005498831,2,4
1546005498832,8,4
1546005498832,3,4
1546005498830,8,4
1546005498831,1,5
1546005498832,5,5
1546005498830,7,5
1546005498832,5,5
1546005498831,4,5
1546005498832,9,6
1546005498831,5,6
1546005498832,9,6
1546005498831,1,6
1546005498830,6,6
1546005498830,1,7
1546005498832,1,7
1546005498831,2,7
1546005498831,4,7
1546005498832,2,7
1546005498830,3,8
1546005498832,3,8
1546005498832,8,8
1546005498832,6,9
1546005499170,7,0
1546005499172,1,0
1546005499170,4,0
1546005499169,8,0
1546005499170,3,0
1546005499171,3,0
1546005499171,1,0
1546005499172,8,0
1546005499172,4,1
1546005499172,4,1
1546005499170,2,1
1546005499169,1,1
1546005499171,8,1
1546005499170,1,1
1546005499170,5,1
1546005499169,5,2
1546005499170,9,2
1546005499170,5,2
1546005499172,5,2
1546005499172,5,2
1546005499170,2,2
1546005499170,4,3
1546005499170,8,3
1546005499170,3,3
1546005499172,2,3
1546005499172,6,3
1546005499170,6,4
1546005499170,4,4
1546005499172,1,4
1546005499172,3,4
1546005499170,1,4
1546005499170,5,5
1546005499170,3,5
1546005499170,2,5
1546005499172,2,5
1546005499170,1,6
1546005499170,9,6
1546005499170,1,6
1546005499172,8,6
1546005499170,8,7
1546005499170,8,7
1546005499172,3,7
1546005499170,1,8
1546005499172,9,8
1546005499170,6,8
1546005499170,7,9
1546005499717,1,0
1546005499719,3,0
1546005499717,2,0
1546005499718,1,0
1546005499718,2,0
1546005499718,5,0
1546005499718,6,0
1546005499719,9,0
1546005499718,8,1
1546005499717,7,1
1546005499718,2,1
1546005499717,7,1
1546005499718,7,1
1546005499719,5,1
1546005499719,2,1
1546005499718,8,2
1546005499717,1,2
1546005499719,1,2
1546005499718,4,2
1546005499719,5,2
1546005499718,4,2
1546005499718,3,2
1546005499717,1,2
1546005499718,8,3
1546005499718,6,3
1546005499717,2,3
1546005499719,1,3
1546005499717,8,3
1546005499718,5,4
1546005499717,4,4
1546005499719,7,4
1546005499717,8,4
1546005499718,1,4
1546005499719,6,5
1546005499717,6,5
1546005499717,1,5
1546005499717,3,6
1546005499719,4,7
1546005499719,8,8
1546005499959,9,0
1546005499959,3,0
1546005499959,3,0
1546005499957,1,0
1546005499957,1,0
1546005499958,1,0
1546005499958,6,0
1546005499958,6,0
1546005499959,1,1
1546005499958,5,1
1546005499959,5,1
1546005499958,1,1
1546005499957,3,1
1546005499959,5,1
1546005499957,3,1
1546005499957,6,2
1546005499958,7,2
1546005499957,1,2
1546005499958,7,2
1546005499959,5,2
1546005499959,1,2
1546005499959,1,2
1546005499958,2,3
1546005499957,7,3
1546005499959,6,3
1546005499959,7,3
1546005499957,8,3
1546005499958,1,3
1546005499959,6,3
1546005499958,3,4
1546005499957,2,4
1546005499959,2,4
1546005499957,2,4
1546005499958,9,4
1546005499959,1,4
1546005499959,8,4
1546005499959,7,5
1546005499959,7,5
1546005499958,2,5
1546005499957,4,5
1546005499958,4,5
1546005499959,1,6
1546005499958,8,6
1546005499957,9,6
1546005499957,9,6
1546005499957,8,7
1546005499959,9,7
1546005499958,4,7
1546005499957,7,7
1546005499959,2,8
1546005499958,5,8
1546005499957,5,8
1546005499957,5,8
1546005499959,4,9
1546005500233,8,0
1546005500230,7,0
1546005500232,7,0
1546005500233,6,0
1546005500230,1,0
1546005500232,9,0
1546005500231,6,0
1546005500231,1,0
1546005500230,6,1
1546005500230,2,1
1546005500232,3,1
1546005500232,4,1
1546005500231,7,1
1546005500231,7,1
1546005500231,9,2
1546005500231,2,2
1546005500232,7,2
1546005500230,7,2
1546005500230,3,2
1546005500232,3,3
1546005500231,3,3
1546005500230,5,3
1546005500230,4,3
1546005500231,9,3
1546005500231,2,4
1546005500230,1,4
1546005500232,5,4
1546005500231,5,4
1546005500230,9,5
1546005500232,8,5
1546005500231,3,5
1546005500231,4,5
1546005500231,8,6
1546005500231,5,6
1546005500232,6,6
1546005500230,1,6
1546005500230,2,7
1546005500232,2,7
1546005500231,1,7
1546005500231,1,7
1546005500232,1,8
1546005500230,8,8
1546005500231,6,8
1546005500231,1,8
1546005500230,5,9
1546005500497,1,0
1546005500497,1,0
1546005500499,3,0
1546005500497,1,0
1546005500497,4,0
1546005500498,9,0
1546005500498,3,0
1546005500497,2,0
1546005500497,3,1
1546005500498,7,1
1546005500497,4,1
1546005500499,7,1
1546005500497,6,1
1546005500497,5,1
1546005500498,9,1
1546005500497,9,1
1546005500498,3,2
1546005500497,7,2
1546005500497,5,2
1546005500499,9,2
1546005500498,8,2
1546005500497,7,2
1546005500497,2,2
1546005500497,2,3
1546005500499,1,3
1546005500498,8,3
1546005500498,5,3
1546005500497,6,3
1546005500497,1,4
1546005500499,6,4
1546005500498,7,4
1546005500498,5,4
1546005500497,8,5
1546005500498,1,5
1546005500499,1,5
1546005500498,4,5
1546005500498,1,6
1546005500499,2,6
1546005500498,2,6
1546005500498,6,7
1546005500498,6,7
1546005500498,1,8
1546005500793,2,0
1546005500794,6,0
1546005500793,8,0
1546005500792,3,0
1546005500793,4,0
1546005500792,5,0
1546005500794,3,0
1546005500795,4,0
1546005500795,2,1
1546005500793,1,1
1546005500793,4,1
1546005500792,1,1
1546005500793,6,1
1546005500794,7,1
1546005500794,5,1
1546005500795,7,2
1546005500794,6,2
1546005500793,9,2
1546005500792,9,2
1546005500794,8,2
1546005500793,9,2
1546005500793,3,2
1546005500794,4,3
1546005500792,1,3
1546005500793,6,3
1546005500794,5,3
1546005500795,1,3
1546005500793,7,3
1546005500794,4,4
1546005500794,2,4
1546005500793,8,4
1546005500792,6,4
1546005500795,1,4
1546005500793,4,5
1546005500792,8,5
1546005500794,2,5
1546005500795,3,5
1546005500793,9,6
1546005500795,5,6
1546005500792,4,6
1546005500795,6,7
1546005500792,2,7
1546005500793,7,7
1546005501042,5,0
1546005501042,4,0
1546005501038,1,0
1546005501040,8,0
1546005501041,1,0
1546005501040,3,0
1546005501043,1,0
1546005501039,9,0
1546005501042,5,1
1546005501038,6,1
1546005501041,7,1
1546005501043,3,1
1546005501040,6,1
1546005501039,1,1
1546005501042,7,2
1546005501041,4,2
1546005501039,6,2
1546005501038,4,2
1546005501040,9,2
1546005501043,8,2
1546005501040,4,3
1546005501038,8,3
1546005501043,2,3
1546005501041,8,3
1546005501039,2,3
1546005501042,8,3
1546005501041,2,4
1546005501039,7,4
1546005501043,1,4
1546005501041,5,5
1546005501039,3,5
1546005501043,4,5
1546005501041,9,6
1546005501043,9,6
1546005501039,4,6
1546005501043,7,7
1546005501043,5,8
1546005501043,6,9
1546005501326,9,0
1546005501326,5,0
1546005501325,7,0
1546005501327,6,0
1546005501326,6,0
1546005501327,8,0
1546005501325,5,0
1546005501326,7,1
1546005501326,1,1
1546005501326,7,1
1546005501325,2,1
1546005501325,7,1
1546005501327,5,1
1546005501327,9,1
1546005501326,1,2
1546005501325,5,2
1546005501326,4,2
1546005501327,6,2
1546005501325,8,2
1546005501327,7,2
1546005501326,9,2
1546005501326,1,3
1546005501326,3,3
1546005501325,3,3
1546005501326,5,3
1546005501327,3,3
1546005501326,6,4
1546005501327,5,4
1546005501326,6,4
1546005501325,6,4
1546005501327,2,5
1546005501325,9,5
1546005501326,1,5
1546005501326,3,5
1546005501325,3,6
1546005501327,4,6
1546005501326,8,6
1546005501326,1,6
1546005501325,1,7
1546005501327,1,7
1546005501326,4,7
1546005501325,4,8
1546005501617,1,0
1546005501620,2,0
1546005501618,4,0
1546005501619,7,0
1546005501619,1,0
1546005501621,1,0
1546005501620,1,0
1546005501618,1,0
1546005501619,4,1
1546005501619,5,1
1546005501620,7,1
1546005501621,5,1
1546005501618,2,1
1546005501619,8,2
1546005501619,3,2
1546005501620,3,2
1546005501618,5,2
1546005501619,2,3
1546005501620,6,3
1546005501618,3,3
1546005501619,2,3
1546005501619,4,4
1546005501620,2,4
1546005501618,1,4
1546005501619,1,4
1546005501619,1,5
1546005501619,9,5
1546005501619,3,6
1546005501618,9,7
1546005501618,6,8
1546005501863,7,0
1546005501863,4,0
1546005501862,9,0
1546005501863,7,0
1546005501862,5,0
1546005501864,1,0
1546005501862,2,0
1546005501861,3,0
1546005501862,3,1
1546005501862,1,1
1546005501863,5,1
1546005501864,8,1
1546005501862,6,1
1546005501863,3,1
1546005501862,4,2
1546005501864,5,2
1546005501862,8,2
1546005501863,5,2
1546005501862,1,2
1546005501862,1,3
1546005501862,9,3
1546005501863,8,4
1546005501862,6,4
1546005501862,7,4
1546005501862,4,5
1546005501863,9,5
1546005501863,2,6
1546005501863,7,7
1546005501863,6,8
1546005502099,8,0
1546005502099,9,0
1546005502100,9,0
1546005502100,1,0
1546005502099,7,0
1546005502097,6,0
1546005502098,6,0
1546005502098,1,0
1546005502099,7,1
1546005502097,1,1
1546005502100,1,1
1546005502098,8,1
1546005502098,2,1
1546005502099,5,1
1546005502100,5,1
1546005502099,4,1
1546005502097,5,2
1546005502099,1,2
1546005502100,5,2
1546005502100,2,2
1546005502098,8,2
1546005502099,1,2
1546005502098,4,2
1546005502100,1,3
1546005502099,6,3
1546005502100,2,3
1546005502097,7,3
1546005502098,1,3
1546005502098,3,3
1546005502099,5,4
1546005502100,8,4
1546005502098,5,4
1546005502097,8,4
1546005502098,6,4
1546005502100,4,4
1546005502097,9,5
1546005502100,7,5
1546005502098,4,5
1546005502098,7,5
1546005502100,7,5
1546005502099,9,5
1546005502099,4,6
1546005502097,3,6
1546005502100,4,6
1546005502098,2,6
1546005502098,3,6
1546005502100,1,6
1546005502100,6,7
1546005502099,3,7
1546005502097,2,7
1546005502100,8,7
1546005502098,5,7
1546005502098,9,8
1546005502099,1,8
1546005502100,3,8
1546005502099,2,9
1546005502100,6,9
1546005502399,7,0
1546005502399,6,0
1546005502397,1,0
1546005502398,4,0
1546005502399,8,0
1546005502398,4,0
1546005502398,1,0
1546005502399,2,0
1546005502399,5,1
1546005502398,9,1
1546005502398,8,1
1546005502399,5,1
1546005502398,2,1
1546005502397,9,1
1546005502399,6,1
1546005502399,8,2
1546005502398,2,2
1546005502399,9,2
1546005502398,5,2
1546005502398,8,2
1546005502397,4,2
1546005502399,2,2
1546005502398,1,3
1546005502399,3,3
1546005502399,9,3
1546005502398,6,3
1546005502398,6,3
1546005502398,5,4
1546005502399,6,4
1546005502399,5,4
1546005502398,9,4
1546005502398,1,4
1546005502398,1,5
1546005502398,3,5
1546005502398,3,5
1546005502398,1,6
1546005502398,4,6
1546005502398,2,7
1546005502398,8,7
1546005502398,7,8
1546005502398,7,8
1546005502398,6,9
1546005502657,4,0
1546005502659,3,0
1546005502658,7,0
1546005502660,1,0
1546005502661,9,0
1546005502656,4,0
1546005502658,1,0
1546005502656,5,0
1546005502661,1,1
1546005502658,9,1
1546005502656,6,1
1546005502657,1,1
1546005502658,7,1
1546005502660,6,1
1546005502659,8,1
1546005502656,2,1
1546005502656,2,2
1546005502659,5,2
1546005502656,1,2
1546005502661,8,2
1546005502657,9,2
1546005502659,2,3
1546005502656,9,3
1546005502661,3,3
1546005502657,8,3
1546005502661,7,4
1546005502656,5,4
1546005502659,4,4
1546005502657,7,4
1546005502659,6,5
1546005502657,5,5
1546005502661,1,5
1546005502657,6,6
1546005502661,6,6
1546005502659,1,6
1546005502659,1,7
1546005502661,5,7
1546005502659,9,8
1546005502661,2,8
1546005502661,4,9
1546005502961,4,0
1546005502960,3,0
1546005502958,4,0
1546005502961,2,0
1546005502957,8,0
1546005502959,1,0
1546005502958,2,0
1546005502962,1,0
1546005502962,4,1
1546005502960,6,1
1546005502959,7,1
1546005502961,1,1
1546005502958,7,1
1546005502961,5,1
1546005502957,6,1
1546005502961,1,2
1546005502959,6,2
1546005502962,3,2
1546005502960,1,2
1546005502958,1,2
1546005502961,1,2
1546005502957,9,2
1546005502962,9,3
1546005502959,9,3
1546005502957,5,3
1546005502961,4,3
1546005502960,7,3
1546005502958,8,3
1546005502962,5,4
1546005502960,4,4
1546005502958,1,4
1546005502959,3,4
1546005502957,4,4
1546005502957,7,5
1546005502958,2,5
1546005502959,4,5
1546005502962,1,5
1546005502962,2,6
1546005502958,9,6
1546005502957,1,6
1546005502959,2,6
1546005502962,7,7
1546005502957,3,7
1546005502959,1,7
1546005502959,8,8
1546005502959,5,9
1546005503233,9,0
1546005503233,5,0
1546005503233,1,0
1546005503230,8,0
1546005503232,1,0
1546005503232,2,0
1546005503231,1,0
1546005503231,6,0
1546005503233,8,1
1546005503233,3,1
1546005503232,7,1
1546005503232,8,1
1546005503231,8,1
1546005503231,9,1
1546005503232,5,2
1546005503233,3,2
1546005503233,6,2
1546005503232,5,2
1546005503232,1,3
1546005503232,6,3
1546005503233,8,3
1546005503232,7,4
1546005503233,5,4
1546005503232,2,4
1546005503232,9,5
1546005503232,3,5
1546005503233,4,5
1546005503233,9,6
1546005503232,3,6
1546005503233,1,7
1546005503232,4,7
1546005503232,8,8
1546005503233,2,8
1546005503482,4,0
1546005503484,9,0
1546005503480,3,0
1546005503482,1,0
1546005503483,1,0
1546005503481,8,0
1546005503481,2,0
1546005503484,2,0
1546005503480,6,1
1546005503484,9,1
1546005503484,7,1
1546005503481,9,1
1546005503482,6,1
1546005503481,1,1
1546005503483,7,1
1546005503483,8,2
1546005503484,5,2
1546005503482,2,2
1546005503480,1,2
1546005503481,3,2
1546005503480,5,3
1546005503484,4,3
1546005503481,1,3
1546005503483,1,3
1546005503484,1,4
1546005503480,8,4
1546005503481,5,4
1546005503483,3,4
1546005503481,6,5
1546005503480,1,5
1546005503483,2,5
1546005503484,8,5
1546005503483,6,6
1546005503484,6,6
1546005503481,4,6
1546005503480,9,6
1546005503484,3,7
1546005503480,4,7
1546005503481,2,7
1546005503483,9,7
1546005503484,1,8
1546005503480,2,8
1546005503481,7,8
1546005503480,7,9
1546005503783,8,0
1546005503782,7,0
1546005503781,4,0
1546005503782,7,0
1546005503783,2,0
1546005503782,1,0
1546005503782,1,0
1546005503783,9,0
1546005503781,6,1
1546005503782,9,1
1546005503782,4,1
1546005503782,3,1
1546005503782,2,1
1546005503783,1,1
1546005503783,2,1
1546005503782,1,2
1546005503783,8,2
1546005503781,3,2
1546005503782,6,2
1546005503782,3,2
1546005503783,3,2
1546005503782,5,3
1546005503782,3,3
1546005503782,1,3
1546005503781,2,3
1546005503783,1,3
1546005503782,2,3
1546005503782,9,4
1546005503782,4,4
1546005503782,8,4
1546005503782,1,4
1546005503783,1,4
1546005503783,6,4
1546005503781,1,4
1546005503782,9,5
1546005503783,4,5
1546005503782,6,5
1546005503783,1,5
1546005503782,1,5
1546005503781,8,5
1546005503783,5,6
1546005503782,7,6
1546005503781,7,6
1546005503782,2,6
1546005503783,3,7
1546005503783,6,7
1546005503781,9,7
1546005503782,8,7
1546005503782,8,7
1546005503783,4,8
1546005503782,6,8
1546005503783,5,9
1546005503782,4,9
1546005504070,6,0
1546005504070,2,0
1546005504069,9,0
1546005504068,4,0
1546005504070,5,0
1546005504069,5,0
1546005504068,7,0
1546005504069,8,0
1546005504070,1,1
1546005504070,9,1
1546005504068,1,1
1546005504069,8,1
1546005504070,7,1
1546005504069,2,1
1546005504068,5,1
1546005504068,6,2
1546005504069,2,2
1546005504068,8,2
1546005504070,1,2
1546005504070,4,2
1546005504069,8,2
1546005504070,8,2
1546005504068,4,3
1546005504069,7,3
1546005504070,8,3
1546005504070,8,3
1546005504068,3,3
1546005504070,5,3
1546005504069,1,3
1546005504068,7,4
1546005504070,3,4
1546005504070,1,4
1546005504069,4,4
1546005504070,9,4
1546005504068,1,4
1546005504068,2,5
1546005504070,7,5
1546005504068,1,5
1546005504070,2,5
1546005504069,5,5
1546005504070,1,5
1546005504070,2,6
1546005504070,6,6
1546005504068,1,6
1546005504068,3,6
1546005504070,6,6
1546005504069,1,6
1546005504068,5,7
1546005504068,9,7
1546005504070,9,7
1546005504070,3,7
1546005504069,6,7
1546005504068,2,8
1546005504070,7,8
1546005504068,6,8
1546005504070,4,8
1546005504069,7,8
1546005504069,3,9
1546005504070,4,9
1546005504070,3,9
1546005504349,3,0
1546005504349,6,0
1546005504351,5,0
1546005504350,1,0
1546005504351,1,0
1546005504351,1,0
1546005504350,6,0
1546005504350,5,0
1546005504349,1,1
1546005504350,3,1
1546005504349,4,1
1546005504350,4,1
1546005504350,2,1
1546005504351,9,1
1546005504351,7,1
1546005504351,1,2
1546005504351,8,2
1546005504349,6,2
1546005504350,1,2
1546005504350,2,2
1546005504349,9,2
1546005504351,7,3
1546005504349,3,3
1546005504350,3,3
1546005504351,2,3
1546005504351,4,4
1546005504349,2,4
1546005504351,4,4
1546005504350,5,4
1546005504350,6,5
1546005504351,2,5
1546005504351,3,5
1546005504349,7,5
1546005504351,6,6
1546005504349,8,6
1546005504351,1,6
1546005504350,9,6
1546005504351,3,7
1546005504351,1,7
1546005504349,1,7
1546005504350,8,7
1546005504351,8,8
1546005504351,6,8
1546005504351,9,9
1546005504627,6,0
1546005504630,8,0
1546005504629,1,0
1546005504628,1,0
1546005504630,6,0
1546005504629,4,0
1546005504629,1,0
1546005504627,8,1
1546005504629,9,1
1546005504628,3,1
1546005504628,7,1
1546005504630,5,1
1546005504629,3,1
1546005504629,5,1
1546005504629,8,2
1546005504629,6,2
1546005504628,8,2
1546005504629,9,2
1546005504628,7,2
1546005504628,6,3
1546005504629,1,3
1546005504629,1,3
1546005504629,6,3
1546005504629,7,4
1546005504629,8,4
1546005504629,3,4
1546005504629,2,5
1546005504629,2,5
1546005504629,1,5
1546005504629,3,6
1546005504629,4,6
1546005504629,1,6
1546005504629,7,7
1546005504629,7,7
1546005504629,6,8
1546005504987,1,0
1546005504988,2,0
1546005505007,5,0
1546005505008,4,0
1546005505007,6,0
1546005505009,4,0
1546005505008,8,1
1546005504987,2,1
1546005505008,7,0
1546005505009,8,1
1546005505007,5,1
1546005504988,7,1
1546005505009,3,0
1546005505009,2,2
1546005504987,3,2
1546005505009,9,1
1546005505007,7,2
1546005505008,1,2
1546005505008,8,1
1546005505009,3,3
1546005505008,6,3
1546005505007,1,3
1546005504987,6,3
1546005505008,4,2
1546005505009,8,2
1546005505007,2,4
1546005505009,1,4
1546005505008,1,4
1546005505009,1,3
1546005505007,4,5
1546005505009,5,4
1546005505008,3,5
1546005505008,9,6
1546005505009,4,5
1546005505535,3,0
1546005505535,5,0
1546005505536,1,0
1546005505537,9,0
1546005505538,7,0
1546005505760,6,0
1546005505641,5,0
1546005505536,9,1
1546005505537,4,1
1546005505538,8,1
1546005505535,4,1
1546005505535,8,1
1546005505538,7,1
1546005505535,5,2
1546005505538,4,2
1546005505535,7,2
1546005505538,9,2
1546005505536,8,2
1546005505641,1,1
1546005505760,9,1
1546005505538,6,3
1546005505535,1,3
1546005505536,2,3
1546005505535,1,3
1546005505760,2,2
1546005505641,1,2
1546005505535,1,4
1546005505760,4,3
1546005505641,8,3
1546005505535,6,4
1546005505760,7,4
1546005505536,7,5
1546005505641,4,4
1546005505641,6,5
1546005505536,3,6
1546005505536,1,7
1546005505641,2,6
1546005505641,3,7
1546005505536,4,8
1546005505641,7,8
1546005505641,9,9
1546005506156,6,0
1546005506157,8,0
1546005506158,2,0
1546005506156,4,0
1546005506157,3,0
1546005506156,1,0
1546005506157,5,0
1546005506158,5,0
1546005506157,7,1
1546005506158,8,1
1546005506156,2,1
1546005506156,5,1
1546005506157,1,1
1546005506158,3,1
1546005506156,8,1
1546005506157,7,1
1546005506158,2,2
1546005506156,9,2
1546005506156,3,2
1546005506157,9,2
1546005506156,7,2
1546005506157,8,2
1546005506158,4,2
1546005506156,7,3
1546005506158,7,3
1546005506156,1,3
1546005506158,6,3
1546005506157,1,3
1546005506156,5,4
1546005506156,6,4
1546005506158,1,4
1546005506158,1,4
1546005506157,6,4
1546005506158,4,5
1546005506158,1,5
1546005506157,2,5
1546005506158,6,6
1546005506157,3,6
1546005506158,9,7
1546005506158,5,8
1546005506438,9,0
1546005506438,6,0
1546005506438,6,0
1546005506437,1,0
1546005506438,5,0
1546005506436,1,0
1546005506436,5,0
1546005506439,3,0
1546005506437,8,1
1546005506438,5,1
1546005506438,3,1
1546005506439,5,1
1546005506438,6,1
1546005506436,1,1
1546005506436,7,2
1546005506439,1,2
1546005506438,9,2
1546005506438,5,2
1546005506438,3,2
1546005506437,6,2
1546005506437,7,3
1546005506438,4,3
1546005506438,7,3
1546005506438,2,3
1546005506438,1,4
1546005506438,8,4
1546005506438,4,4
1546005506436,8,4
1546005506437,3,4
1546005506438,9,5
1546005506438,1,5
1546005506436,1,5
1546005506438,1,5
1546005506437,4,5
1546005506436,4,6
1546005506438,8,6
1546005506438,1,6
1546005506436,6,7
1546005506438,1,7
1546005506438,4,7
1546005506438,6,8
1546005506436,9,8
1546005506438,2,8
1546005506438,7,9
1546005506682,3,0
1546005506684,2,0
1546005506684,1,0
1546005506683,6,0
1546005506683,1,0
1546005506683,6,0
1546005506682,2,0
1546005506683,9,0
1546005506684,1,1
1546005506683,6,1
1546005506683,3,1
1546005506684,4,1
1546005506683,9,1
1546005506682,9,1
1546005506683,2,1
1546005506682,1,1
1546005506683,7,2
1546005506683,6,2
1546005506684,3,2
1546005506682,1,2
1546005506683,8,2
1546005506683,9,2
1546005506682,1,2
1546005506683,5,3
1546005506683,2,3
1546005506683,1,3
1546005506683,1,3
1546005506682,2,3
1546005506683,8,4
1546005506683,8,4
1546005506683,9,4
1546005506682,6,4
1546005506684,1,4
1546005506683,5,4
1546005506683,3,5
1546005506682,4,5
1546005506683,3,5
1546005506683,4,5
1546005506684,7,5
1546005506682,9,6
1546005506683,1,6
1546005506683,1,6
1546005506684,9,6
1546005506683,2,7
1546005506682,7,7
1546005506684,5,7
1546005506683,7,7
1546005506684,1,8
1546005506683,4,8
1546005506682,8,8
1546005506682,5,9
1546005506938,1,0
1546005506936,6,0
1546005506936,3,0
1546005506938,1,0
1546005506937,5,0
1546005506936,1,0
1546005506939,3,0
1546005506937,7,0
1546005506936,2,1
1546005506937,6,1
1546005506936,1,1
1546005506938,5,1
1546005506938,1,1
1546005506937,2,1
1546005506939,5,1
1546005506936,2,2
1546005506938,5,2
1546005506937,9,2
1546005506936,9,2
1546005506939,6,2
1546005506938,1,2
1546005506937,3,2
1546005506939,7,3
1546005506936,1,3
1546005506938,7,3
1546005506937,5,3
1546005506936,6,3
1546005506938,7,3
1546005506937,7,3
1546005506937,8,4
1546005506939,1,4
1546005506938,3,4
1546005506936,8,4
1546005506937,1,4
1546005506937,9,5
1546005506936,1,5
1546005506938,2,5
1546005506937,1,5
1546005506937,2,6
1546005506936,5,6
1546005506938,6,6
1546005506937,3,6
1546005506938,4,7
1546005506936,3,7
1546005506937,8,7
1546005506937,1,7
1546005506937,4,8
1546005506938,8,8
1546005506937,6,9
1546005506938,9,9
1546005507272,7,0
1546005507272,1,0
1546005507272,1,0
1546005507270,8,0
1546005507271,3,0
1546005507271,5,0
1546005507271,1,0
1546005507271,1,0
1546005507271,4,1
1546005507270,4,1
1546005507271,2,1
1546005507272,6,1
1546005507271,7,1
1546005507272,9,1
1546005507272,2,1
1546005507271,5,1
1546005507272,8,2
1546005507272,8,2
1546005507272,4,2
1546005507271,1,2
1546005507271,2,2
1546005507271,1,2
1546005507270,6,2
1546005507272,1,3
1546005507270,9,3
1546005507272,5,3
1546005507271,3,3
1546005507271,3,3
1546005507271,4,3
1546005507272,1,4
1546005507271,6,4
1546005507271,4,4
1546005507272,9,4
1546005507271,2,4
1546005507272,1,5
1546005507271,9,5
1546005507271,1,5
1546005507271,8,5
1546005507272,4,6
1546005507271,5,6
1546005507271,7,6
1546005507271,6,6
1546005507272,3,7
1546005507594,6,0
1546005507595,1,0
1546005507595,6,0
1546005507597,9,0
1546005507595,7,0
1546005507597,4,0
1546005507597,5,0
1546005507596,1,0
1546005507595,5,1
1546005507596,6,1
1546005507595,2,1
1546005507597,8,1
1546005507594,2,1
1546005507597,2,1
1546005507597,2,1
1546005507595,1,2
1546005507597,6,2
1546005507595,4,2
1546005507597,2,2
1546005507594,1,2
1546005507596,9,2
1546005507595,8,3
1546005507597,1,3
1546005507595,2,3
1546005507594,7,3
1546005507596,7,3
1546005507595,1,4
1546005507595,8,4
1546005507594,3,4
1546005507597,7,4
1546005507596,3,4
1546005507595,3,5
1546005507596,8,5
1546005507595,4,5
1546005507597,5,5
1546005507594,9,6
1546005507596,4,6
1546005507597,6,6
1546005507596,1,7
1546005507597,1,7
1546005507596,5,8
1546005507597,3,8
1546005507596,2,9
1546005507864,7,0
1546005507862,5,0
1546005507863,1,0
1546005507862,1,0
1546005507861,9,0
1546005507860,9,0
1546005507860,1,0
1546005507861,5,0
1546005507860,7,1
1546005507863,7,1
1546005507862,3,1
1546005507864,4,1
1546005507860,4,1
1546005507861,1,1
1546005507861,4,1
1546005507860,1,2
1546005507863,4,2
1546005507862,8,2
1546005507860,2,2
1546005507864,1,2
1546005507861,9,2
1546005507862,6,3
1546005507861,7,3
1546005507860,7,3
1546005507864,1,3
1546005507860,5,3
1546005507860,6,4
1546005507864,2,4
1546005507862,7,4
1546005507861,1,4
1546005507864,9,5
1546005507860,3,5
1546005507861,6,5
1546005507861,4,6
1546005507860,1,6
1546005507864,8,6
1546005507864,3,7
1546005507864,6,8
1546005508184,4,0
1546005508183,3,0
1546005508185,1,0
1546005508182,4,0
1546005508186,5,0
1546005508184,5,0
1546005508184,4,0
1546005508183,3,0
1546005508184,7,1
1546005508183,1,1
1546005508185,9,1
1546005508184,7,1
1546005508184,2,1
1546005508182,1,1
1546005508186,7,1
1546005508183,4,1
1546005508186,4,2
1546005508184,8,2
1546005508184,8,2
1546005508184,1,2
1546005508185,4,2
1546005508183,1,2
1546005508183,8,2
1546005508182,8,2
1546005508183,1,3
1546005508182,1,3
1546005508185,6,3
1546005508184,3,3
1546005508184,5,3
1546005508186,1,4
1546005508184,1,4
1546005508185,2,4
1546005508183,1,4
1546005508184,9,4
1546005508184,2,5
1546005508186,3,5
1546005508183,2,5
1546005508185,7,5
1546005508184,6,5
1546005508185,5,6
1546005508184,3,6
1546005508183,5,6
1546005508184,1,6
1546005508184,9,7
1546005508184,5,7
1546005508185,8,7
1546005508185,1,8
1546005508184,6,8
1546005508184,8,8
1546005508185,3,9
1546005508509,5,0
1546005508510,2,0
1546005508509,2,0
1546005508509,8,0
1546005508508,9,0
1546005508509,1,0
1546005508508,8,0
1546005508510,7,0
1546005508510,7,1
1546005508509,1,1
1546005508509,5,1
1546005508508,4,1
1546005508509,7,1
1546005508508,5,1
1546005508508,6,2
1546005508510,4,2
1546005508509,1,2
1546005508509,3,2
1546005508509,9,2
1546005508510,4,2
1546005508508,2,2
1546005508509,4,3
1546005508509,4,3
1546005508509,8,3
1546005508508,5,3
1546005508508,4,3
1546005508510,8,3
1546005508508,3,4
1546005508509,9,4
1546005508510,9,4
1546005508509,6,4
1546005508509,3,4
1546005508508,1,4
1546005508508,1,5
1546005508510,5,5
1546005508508,7,5
1546005508509,2,5
1546005508509,4,6
1546005508510,1,6
1546005508508,6,6
1546005508509,5,7
1546005508510,3,7
1546005508508,1,7
1546005508509,9,8
1546005508508,1,8
1546005508509,3,9
1546005508773,2,0
1546005508771,7,0
1546005508774,7,0
1546005508774,7,0
1546005508772,5,0
1546005508773,1,0
1546005508771,2,0
1546005508775,9,0
1546005508771,1,1
1546005508774,1,1
1546005508772,1,1
1546005508773,7,1
1546005508773,1,1
1546005508771,4,1
1546005508775,4,1
1546005508773,3,2
1546005508771,8,2
1546005508773,7,2
1546005508775,1,2
1546005508772,8,2
1546005508774,8,2
1546005508771,9,3
1546005508775,3,3
1546005508773,9,3
1546005508774,4,3
1546005508772,3,3
1546005508771,6,4
1546005508774,9,4
1546005508772,4,4
1546005508775,2,4
1546005508773,1,4
1546005508774,6,5
1546005508775,7,5
1546005508773,4,5
1546005508773,5,6
1546005508775,8,6
1546005508773,2,7
1546005508775,5,7
1546005509033,7,0
1546005509042,5,0
1546005509046,9,0
1546005509031,4,0
1546005509030,1,0
1546005509034,9,0
1546005509029,8,0
1546005509036,6,0
1546005509034,5,1
1546005509031,1,1
1546005509042,2,1
1546005509030,2,1
1546005509046,4,1
1546005509029,5,1
1546005509033,9,1
1546005509036,8,1
1546005509031,3,2
1546005509034,4,2
1546005509046,5,2
1546005509042,1,2
1546005509030,9,2
1546005509033,1,2
1546005509029,3,2
1546005509030,8,3
1546005509029,9,3
1546005509046,6,3
1546005509042,4,3
1546005509034,3,3
1546005509030,4,4
1546005509046,1,4
1546005509034,2,4
1546005509042,3,4
1546005509029,6,4
1546005509034,6,5
1546005509030,7,5
1546005509046,8,5
1546005509029,4,5
1546005509042,6,5
1546005509029,2,6
1546005509030,1,6
1546005509046,1,6
1546005509042,9,6
1546005509034,1,6
1546005509034,1,7
1546005509034,8,8
1546005509034,7,9
1546005509326,9,0
1546005509326,2,0
1546005509325,1,0
1546005509324,9,0
1546005509325,4,0
1546005509325,8,0
1546005509324,1,0
1546005509325,8,0
1546005509326,5,1
1546005509325,3,1
1546005509324,1,1
1546005509325,3,1
1546005509325,7,1
1546005509324,5,1
1546005509325,5,1
1546005509326,1,1
1546005509325,6,2
1546005509324,1,2
1546005509324,7,2
1546005509326,6,2
1546005509325,5,2
1546005509325,3,2
1546005509325,1,3
1546005509325,1,3
1546005509324,9,3
1546005509326,4,3
1546005509325,1,3
1546005509326,1,4
1546005509325,4,4
1546005509324,7,4
1546005509326,8,5
1546005509324,8,5
1546005509324,6,6
1546005509324,4,7
1546005509324,3,8
1546005509586,9,0
1546005509581,9,0
1546005509585,4,0
1546005509583,6,0
1546005509584,2,0
1546005509586,4,0
1546005509585,4,0
1546005509582,8,0
1546005509584,6,1
1546005509586,1,1
1546005509585,5,1
1546005509582,4,1
1546005509586,2,1
1546005509583,1,1
1546005509581,1,1
1546005509581,3,2
1546005509586,7,2
1546005509586,1,2
1546005509585,2,2
1546005509583,4,2
1546005509582,5,2
1546005509584,5,2
1546005509583,3,3
1546005509584,1,3
1546005509581,2,3
1546005509586,5,3
1546005509586,7,3
1546005509583,8,4
1546005509581,1,4
1546005509586,4,4
1546005509586,8,4
1546005509583,1,5
1546005509586,9,5
1546005509581,8,5
1546005509586,1,5
1546005509586,6,6
1546005509581,7,6
1546005509583,5,6
1546005509586,1,7
1546005509583,7,7
1546005509581,5,7
1546005509583,2,8
1546005509866,5,0
1546005509866,2,0
1546005509864,7,0
1546005509865,8,0
1546005509865,5,0
1546005509865,6,0
1546005509865,8,0
1546005509864,2,0
1546005509865,4,1
1546005509865,9,1
1546005509864,4,1
1546005509865,1,1
1546005509865,8,1
1546005509866,9,1
1546005509866,5,1
1546005509865,7,2
1546005509864,7,2
1546005509864,2,2
1546005509866,6,2
1546005509865,9,2
1546005509864,6,3
1546005509866,2,3
1546005509866,8,3
1546005509865,1,3
1546005509865,5,3
1546005509865,3,4
1546005509866,4,4
1546005509865,6,4
1546005509864,5,4
1546005509866,3,4
1546005509866,1,5
1546005509865,2,5
1546005509865,4,5
1546005509866,1,6
1546005509866,4,7
1546005509865,8,7
1546005509866,9,8
1546005509865,7,8
1546005509866,7,9
1546005509865,1,9
1546005510126,1,0
1546005510125,8,0
1546005510124,5,0
1546005510122,1,0
1546005510123,9,0
1546005510123,7,0
1546005510124,2,0
1546005510122,2,0
1546005510122,6,1
1546005510122,4,1
1546005510126,7,1
1546005510123,6,1
1546005510124,6,1
1546005510122,1,2
1546005510123,3,2
1546005510124,7,2
1546005510122,9,2
1546005510122,6,3
1546005510122,2,3
1546005510124,1,3
1546005510123,9,3
1546005510122,5,4
1546005510124,3,4
1546005510123,4,4
1546005510124,8,5
1546005510123,1,5
1546005510124,4,6
1546005510123,8,6
1546005510123,1,7
1546005510124,9,7
1546005510123,5,8
1546005510123,2,9
1546005510418,7,0
1546005510415,2,0
1546005510418,8,0
1546005510417,9,0
1546005510417,4,0
1546005510416,5,0
1546005510416,7,0
1546005510415,1,0
1546005510417,8,1
1546005510415,8,1
1546005510417,8,1
1546005510415,3,1
1546005510416,3,1
1546005510418,2,1
1546005510418,9,1
1546005510416,8,1
1546005510416,3,2
1546005510415,1,2
1546005510418,6,2
1546005510416,4,2
1546005510418,3,2
1546005510416,1,3
1546005510415,2,3
1546005510416,9,3
1546005510418,3,3
1546005510416,2,4
1546005510416,2,4
1546005510415,5,4
1546005510418,5,4
1546005510416,4,5
1546005510416,6,5
1546005510418,9,5
1546005510416,1,6
1546005510418,7,6
1546005510416,5,6
1546005510416,8,7
1546005510418,1,7
1546005510416,1,7
1546005510416,6,8
1546005510416,7,8
1546005510418,1,8
1546005510416,1,9
1546005510702,5,0
1546005510702,5,0
1546005510704,2,0
1546005510705,3,0
1546005510703,3,0
1546005510703,9,0
1546005510704,6,0
1546005510703,2,1
1546005510702,7,1
1546005510702,7,1
1546005510704,9,1
1546005510705,4,1
1546005510702,1,2
1546005510703,6,2
1546005510705,1,2
1546005510704,3,2
1546005510702,1,2
1546005510702,4,3
1546005510702,4,3
1546005510704,1,3
1546005510702,8,4
1546005510702,6,4
1546005510702,2,5
1546005510702,1,5
1546005510702,3,6
1546005510934,9,0
1546005510936,3,0
1546005510935,7,0
1546005510935,7,0
1546005510934,2,0
1546005510936,3,0
1546005510935,6,0
1546005510935,5,0
1546005510936,5,1
1546005510934,7,1
1546005510934,5,1
1546005510936,2,1
1546005510935,2,1
1546005510935,3,1
1546005510935,4,1
1546005510935,5,1
1546005510935,2,2
1546005510936,1,2
1546005510934,1,2
1546005510936,5,2
1546005510934,6,2
1546005510935,1,2
1546005510935,4,3
1546005510935,1,3
1546005510934,8,3
1546005510936,9,3
1546005510934,1,3
1546005510936,4,3
1546005510936,1,4
1546005510935,2,4
1546005510936,2,4
1546005510935,5,4
1546005510934,9,4
1546005510934,4,4
1546005510935,9,5
1546005510936,1,5
1546005510935,7,5
1546005510936,9,5
1546005510934,8,5
1546005510935,3,6
1546005510935,1,6
1546005510936,7,6
1546005510936,8,6
1546005510935,6,7
1546005510936,6,7
1546005510936,1,7
1546005510935,1,8
1546005510936,7,8
1546005510936,6,9
1546005511198,8,0
1546005511196,6,0
1546005511197,7,0
1546005511196,2,0
1546005511198,4,0
1546005511198,8,0
1546005511197,8,0
1546005511197,2,0
1546005511197,8,1
1546005511196,4,1
1546005511198,9,1
1546005511197,6,1
1546005511196,8,1
1546005511198,1,1
1546005511198,6,1
1546005511197,1,1
1546005511196,5,2
1546005511198,9,2
1546005511196,6,2
1546005511197,5,2
1546005511198,1,2
1546005511197,1,2
1546005511198,1,2
1546005511196,9,3
1546005511197,6,3
1546005511196,2,3
1546005511198,1,3
1546005511196,1,4
1546005511196,1,4
1546005511198,2,4
1546005511197,8,4
1546005511197,1,5
1546005511196,7,5
1546005511198,7,5
1546005511196,5,6
1546005511198,6,6
1546005511197,3,6
1546005511197,7,7
1546005511198,5,7
1546005511198,4,8
1546005511450,4,0
1546005511448,5,0
1546005511449,7,0
1546005511449,1,0
1546005511449,7,0
1546005511448,9,0
1546005511450,5,0
1546005511450,1,1
1546005511449,6,1
1546005511449,7,1
1546005511448,1,1
1546005511448,9,1
1546005511449,8,1
1546005511448,4,2
1546005511449,3,2
1546005511449,4,2
1546005511450,1,2
1546005511448,2,2
1546005511449,4,2
1546005511450,5,2
1546005511449,4,3
1546005511449,2,3
1546005511449,9,3
1546005511448,6,3
1546005511450,9,3
1546005511449,8,4
1546005511448,7,4
1546005511450,1,4
1546005511449,9,4
1546005511449,5,4
1546005511449,2,5
1546005511449,6,5
1546005511450,8,5
1546005511448,1,5
1546005511450,7,6
1546005511448,1,6
1546005511450,2,7
1546005511448,8,7
1546005511448,3,8
1546005511448,2,9
1546005511716,4,0
1546005511715,1,0
1546005511723,7,0
1546005511725,9,0
1546005511722,8,0
1546005511720,5,0
1546005511718,9,0
1546005511717,2,0
1546005511725,3,1
1546005511716,7,1
1546005511715,8,1
1546005511718,1,1
1546005511720,9,1
1546005511717,9,1
1546005511716,3,2
1546005511715,4,2
1546005511717,1,2
1546005511720,7,2
1546005511718,5,2
1546005511717,4,3
1546005511716,2,3
1546005511715,1,3
1546005511720,8,3
1546005511715,9,4
1546005511716,9,4
1546005511720,2,4
1546005511717,3,4
1546005511720,1,5
1546005511717,5,5
1546005511715,5,5
1546005511716,6,5
1546005511715,7,6
1546005511717,1,6
1546005511716,5,6
1546005511720,1,6
1546005511715,6,7
1546005511720,3,7
1546005511716,8,7
1546005511716,1,8
1546005511720,4,8
1546005511720,6,9
1546005511997,6,0
1546005511994,1,0
1546005511999,9,0
1546005511999,8,0
1546005511995,5,0
1546005511997,1,0
1546005512001,5,0
1546005511997,1,1
1546005511999,1,1
1546005511996,4,1
1546005511994,6,1
1546005511997,6,1
1546005512001,9,1
1546005511999,6,1
1546005511995,4,1
1546005511997,7,2
1546005511999,7,2
1546005511996,1,2
1546005511994,7,2
1546005511995,2,2
1546005511997,4,2
1546005512001,6,2
1546005511999,5,2
1546005511999,6,3
1546005512001,3,3
1546005511997,3,3
1546005511996,2,3
1546005511999,1,3
1546005511997,1,3
1546005511994,3,3
1546005512001,1,4
1546005511994,9,4
1546005511997,5,4
1546005511996,8,4
1546005511999,5,5
1546005512001,1,5
1546005511996,1,5
1546005511997,8,5
1546005511996,5,6
1546005511997,9,6
1546005511999,2,6
1546005512001,8,6
1546005512001,4,7
1546005511996,6,7
1546005511996,9,8
1546005512001,2,8
1546005512272,7,0
1546005512276,9,0
1546005512276,7,0
1546005512272,1,0
1546005512273,1,0
1546005512274,4,0
1546005512275,4,0
1546005512276,1,0
1546005512276,9,1
1546005512272,5,1
1546005512276,2,1
1546005512276,6,1
1546005512272,4,1
1546005512273,7,1
1546005512274,5,1
1546005512272,4,2
1546005512273,4,2
1546005512272,9,2
1546005512276,5,2
1546005512274,3,2
1546005512276,5,2
1546005512276,3,2
1546005512272,2,3
1546005512276,5,3
1546005512276,8,3
1546005512276,1,4
1546005512276,7,4
1546005512272,7,4
1546005512272,6,5
1546005512276,9,5
1546005512276,6,5
1546005512276,4,6
1546005512276,8,7
